{"type":"FeatureCollection","features":[{"type":"Feature","properties":{"cp":21574},"geometry":{"type":"MultiPolygon","coordinates":[[[[-116.5069,32.3315],[-116.5058,32.3316],[-116.5042,32.328],[-116.5024,32.327],[-116.5006,32.3237],[-116.4978,32.323],[-116.497,32.3214],[-116.497,32.3172],[-116.4983,32.313],[-116.4963,32.3103],[-116.4949,32.3062],[-116.4932,32.3044],[-116.4939,32.3025],[-116.4936,32.3008],[-116.4949,32.2994],[-116.495,32.2973],[-116.4958,32.2958],[-116.4926,32.2918],[-116.489,32.2911],[-116.488,32.2826],[-116.4892,32.2783],[-116.4885,32.2778],[-116.489,32.2747],[-116.4884,32.2728],[-116.4937,32.2693],[-116.4936,32.2677],[-116.4915,32.2666],[-116.4909,32.2643],[-116.494,32.2619],[-116.4937,32.2607],[-116.4899,32.2564],[-116.4878,32.2519],[-116.4883,32.2446],[-116.3385,32.2415],[-116.3581,32.2444],[-116.3665,32.2446],[-116.3674,32.2454],[-116.3686,32.2454],[-116.3755,32.2508],[-116.3762,32.2542],[-116.3782,32.2556],[-116.3783,32.2586],[-116.3799,32.2616],[-116.3799,32.2639],[-116.3789,32.2666],[-116.3793,32.27],[-116.3812,32.2717],[-116.38,32.2769],[-116.3772,32.2787],[-116.377,32.2796],[-116.3753,32.2815],[-116.3752,32.2835],[-116.3741,32.2841],[-116.3765,32.2848],[-116.3788,32.2866],[-116.38,32.2915],[-116.3844,32.2989],[-116.3854,32.3019],[-116.3873,32.3033],[-116.4122,32.3318],[-116.4139,32.3329],[-116.416,32.3377],[-116.423,32.341],[-116.4231,32.3433],[-116.425,32.3459],[-116.4242,32.3467],[-116.4267,32.3509],[-116.4275,32.3496],[-116.4334,32.3467],[-116.4378,32.347],[-116.4474,32.3452],[-116.4552,32.3466],[-116.457,32.3449],[-116.4644,32.3437],[-116.4717,32.3462],[-116.4872,32.3466],[-116.4904,32.3407],[-116.4961,32.3401],[-116.4961,32.3373],[-116.5029,32.3373],[-116.5064,32.3348],[-116.5069,32.3315]]]]}},{"type":"Feature","properties":{"cp":21742},"geometry":{"type":"MultiPolygon","coordinates":[[[[-115.3822,32.1918],[-115.3809,32.1884],[-115.3808,32.1852],[-115.3836,32.1813],[-115.3828,32.1785],[-115.3847,32.1767],[-115.3848,32.1747],[-115.384,32.171],[-115.3787,32.1668],[-115.3758,32.163],[-115.3701,32.1602],[-115.3658,32.1602],[-115.3631,32.1622],[-115.363,32.165],[-115.3616,32.1654],[-115.3602,32.1671],[-115.3558,32.1683],[-115.3544,32.1667],[-115.3497,32.1648],[-115.3473,32.1649],[-115.3444,32.1631],[-115.3413,32.163],[-115.3396,32.162],[-115.3381,32.162],[-115.336,32.16],[-115.3321,32.159],[-115.327,32.1538],[-115.3258,32.1484],[-115.3229,32.1445],[-115.3228,32.1404],[-115.3215,32.1377],[-115.3207,32.1371],[-115.3156,32.1365],[-115.3136,32.1344],[-115.3047,32.1354],[-115.3035,32.1349],[-115.2961,32.1276],[-115.296,32.126],[-115.2991,32.1235],[-115.2981,32.1203],[-115.2998,32.1166],[-115.2986,32.115],[-115.2987,32.1133],[-115.3019,32.1101],[-115.3048,32.1051],[-115.3033,32.0965],[-115.3082,32.0884],[-115.3081,32.087],[-115.2998,32.0755],[-115.297,32.0725],[-115.291,32.0699],[-115.2888,32.0667],[-115.2883,32.0628],[-115.2907,32.053],[-115.2889,32.0481],[-115.2896,32.0425],[-115.2868,32.0371],[-115.2865,32.035],[-115.2884,32.0293],[-115.2937,32.0231],[-115.2926,32.0126],[-115.2935,32.0107],[-115.2962,32.0089],[-115.3008,32.0079],[-115.3026,32.0051],[-115.3017,32.0026],[-115.2947,31.9977],[-115.2907,31.991],[-115.287,31.9795],[-115.2865,31.9742],[-115.2874,31.9679],[-115.284,31.9556],[-115.1981,31.9762],[-115.1317,31.9784],[-115.1299,31.9771],[-115.131,31.9752],[-115.1309,31.9744],[-115.1232,31.9714],[-115.1219,31.9699],[-115.1204,31.97],[-115.1128,31.9735],[-115.1103,31.9741],[-115.1074,31.9736],[-115.1055,31.972],[-115.1051,31.9703],[-115.1065,31.9607],[-115.1142,31.9562],[-115.1134,31.9515],[-115.112,31.95],[-115.1108,31.9498],[-115.1058,31.9521],[-115.1021,31.9528],[-115.0978,31.9555],[-115.0948,31.9565],[-115.088,31.9564],[-115.0818,31.9576],[-115.0783,31.9623],[-115.0673,31.9682],[-115.0645,31.9684],[-115.0595,31.967],[-115.055,31.9674],[-115.0515,31.9692],[-115.0477,31.9701],[-115.0446,31.9737],[-115.0441,31.975],[-115.0455,31.977],[-115.0435,31.9814],[-115.0463,31.986],[-115.0471,31.9909],[-115.05,31.9927],[-115.0524,31.9933],[-115.0538,31.9929],[-115.0556,31.991],[-115.0571,31.991],[-115.0579,31.9958],[-115.0602,31.9988],[-115.0606,32.0026],[-115.0626,32.0033],[-115.0653,32.0018],[-115.071,32.0044],[-115.0716,32.0076],[-115.0725,32.0085],[-115.0763,32.0096],[-115.0791,32.0123],[-115.0824,32.0132],[-115.0913,32.0186],[-115.0952,32.0189],[-115.0981,32.0216],[-115.1006,32.019],[-115.1023,32.0158],[-115.1051,32.0162],[-115.1072,32.0205],[-115.1115,32.0203],[-115.1124,32.021],[-115.1142,32.0251],[-115.1156,32.0256],[-115.1176,32.025],[-115.1183,32.0255],[-115.1202,32.0319],[-115.1196,32.0371],[-115.1202,32.039],[-115.1236,32.0392],[-115.1259,32.037],[-115.1269,32.0343],[-115.1245,32.0303],[-115.1265,32.0291],[-115.1295,32.0296],[-115.1338,32.0314],[-115.1362,32.0335],[-115.1383,32.037],[-115.1408,32.0358],[-115.1448,32.0358],[-115.1517,32.0403],[-115.1574,32.0453],[-115.1582,32.0453],[-115.1598,32.0434],[-115.1665,32.0413],[-115.1702,32.0391],[-115.1787,32.0402],[-115.1805,32.0436],[-115.1801,32.0457],[-115.1813,32.0521],[-115.1824,32.0532],[-115.184,32.0532],[-115.1868,32.0516],[-115.1911,32.0468],[-115.1924,32.0433],[-115.1945,32.041],[-115.1947,32.0401],[-115.1935,32.0383],[-115.1905,32.039],[-115.1861,32.0377],[-115.1842,32.0351],[-115.18,32.0338],[-115.1803,32.0326],[-115.1868,32.0286],[-115.1917,32.0281],[-115.1946,32.0285],[-115.2009,32.031],[-115.2047,32.0339],[-115.2078,32.0396],[-115.2095,32.0481],[-115.2092,32.0503],[-115.2046,32.0573],[-115.2027,32.0587],[-115.2001,32.0593],[-115.1965,32.0581],[-115.1954,32.0587],[-115.1936,32.0651],[-115.1943,32.068],[-115.1967,32.0699],[-115.2009,32.071],[-115.2046,32.0708],[-115.2109,32.0689],[-115.2136,32.0694],[-115.2155,32.0707],[-115.2242,32.081],[-115.2332,32.0866],[-115.2356,32.0936],[-115.2347,32.1007],[-115.2354,32.103],[-115.2394,32.1059],[-115.2453,32.1086],[-115.247,32.1129],[-115.2466,32.119],[-115.2472,32.121],[-115.2494,32.1215],[-115.2535,32.1202],[-115.256,32.1201],[-115.2667,32.1254],[-115.2733,32.133],[-115.2738,32.135],[-115.2733,32.1367],[-115.2768,32.1372],[-115.2791,32.1392],[-115.2819,32.139],[-115.2825,32.143],[-115.2851,32.1461],[-115.2843,32.1471],[-115.283,32.1475],[-115.2842,32.1497],[-115.2841,32.1511],[-115.2797,32.1539],[-115.2779,32.1561],[-115.2742,32.1565],[-115.2731,32.1575],[-115.2711,32.1608],[-115.2707,32.1646],[-115.2721,32.1692],[-115.2751,32.1725],[-115.2769,32.1724],[-115.2812,32.1693],[-115.2835,32.1695],[-115.2843,32.1709],[-115.2843,32.1724],[-115.283,32.1735],[-115.2783,32.1742],[-115.2764,32.1757],[-115.2758,32.1774],[-115.2765,32.1798],[-115.2742,32.1828],[-115.275,32.1848],[-115.2775,32.1866],[-115.2818,32.1869],[-115.2845,32.1846],[-115.2859,32.1801],[-115.2877,32.1793],[-115.2907,32.1807],[-115.2928,32.1833],[-115.2925,32.1871],[-115.2883,32.1898],[-115.2815,32.1922],[-115.2721,32.1969],[-115.2704,32.1966],[-115.2661,32.1928],[-115.263,32.1931],[-115.2609,32.1951],[-115.2584,32.1995],[-115.2581,32.2042],[-115.2554,32.2052],[-115.2545,32.2062],[-115.2539,32.2076],[-115.2544,32.2085],[-115.2586,32.2095],[-115.2619,32.212],[-115.2647,32.212],[-115.2751,32.2031],[-115.2761,32.2036],[-115.2764,32.2056],[-115.2741,32.2125],[-115.2813,32.2107],[-115.2895,32.2134],[-115.331,32.2128],[-115.3298,32.2112],[-115.329,32.2082],[-115.3342,32.2067],[-115.3386,32.2081],[-115.3467,32.202],[-115.3484,32.2015],[-115.3565,32.2034],[-115.3627,32.2064],[-115.3656,32.206],[-115.3698,32.2065],[-115.3734,32.205],[-115.3747,32.2028],[-115.376,32.2021],[-115.3749,32.2005],[-115.3762,32.1973],[-115.3755,32.1935],[-115.3801,32.1929],[-115.3804,32.1918],[-115.3822,32.1918]]]]}},{"type":"Feature","properties":{"cp":21910},"geometry":{"type":"MultiPolygon","coordinates":[[[[-115.1059,32.5684],[-115.1048,32.5708],[-115.1046,32.5737],[-115.1009,32.5727],[-115.1005,32.5733],[-115.0958,32.5731],[-115.0959,32.5746],[-115.0937,32.5747],[-115.0931,32.5709],[-115.087,32.5719],[-115.0831,32.5713],[-115.0776,32.5694],[-115.0646,32.5697],[-115.0642,32.5642],[-115.0521,32.5642],[-115.0346,32.5737],[-115.0229,32.5818],[-114.9963,32.5898],[-114.9969,32.5906],[-114.9986,32.5907],[-114.9997,32.5921],[-114.9991,32.5923],[-115.0001,32.5999],[-115.0008,32.6051],[-115.0013,32.6051],[-114.9985,32.6101],[-114.9984,32.6145],[-114.9878,32.6146],[-114.9875,32.6346],[-115.0081,32.6343],[-115.0113,32.6332],[-115.0118,32.635],[-115.0141,32.6352],[-115.0137,32.6389],[-115.019,32.6474],[-115.0186,32.651],[-115.0163,32.657],[-115.0122,32.6598],[-115.01,32.6628],[-115.0086,32.6633],[-115.0063,32.6624],[-115.005,32.664],[-115.006,32.6651],[-115.0069,32.6708],[-115.0094,32.677],[-115.0105,32.6842],[-115.0102,32.6992],[-115.1744,32.688],[-115.1697,32.6416],[-115.1597,32.6267],[-115.1593,32.6227],[-115.1577,32.6217],[-115.1585,32.6177],[-115.1559,32.6142],[-115.1552,32.6116],[-115.1565,32.6094],[-115.1549,32.6075],[-115.1539,32.6048],[-115.1515,32.6027],[-115.1538,32.5989],[-115.1528,32.5928],[-115.154,32.5928],[-115.1552,32.5912],[-115.1337,32.583],[-115.1059,32.5684]]]]}},{"type":"Feature","properties":{"cp":21250},"geometry":{"type":"MultiPolygon","coordinates":[[[[-115.4185,32.6381],[-115.4185,32.6421],[-115.4177,32.6451],[-115.4139,32.6451],[-115.4136,32.6468],[-115.4122,32.6489],[-115.4119,32.6524],[-115.4179,32.6521],[-115.4179,32.6536],[-115.4285,32.6531],[-115.4279,32.6442],[-115.4302,32.6441],[-115.4299,32.6388],[-115.4204,32.6389],[-115.4185,32.6381]]]]}},{"type":"Feature","properties":{"cp":21706},"geometry":{"type":"MultiPolygon","coordinates":[[[[-115.056,32.358],[-115.0728,32.3583],[-115.0732,32.3697],[-115.0737,32.3706],[-115.0843,32.3705],[-115.0852,32.3745],[-115.1255,32.3735],[-115.1313,32.3683],[-115.1336,32.3708],[-115.1342,32.3752],[-115.1333,32.3771],[-115.1337,32.3798],[-115.1356,32.3814],[-115.1238,32.3912],[-115.1177,32.3984],[-115.1146,32.4054],[-115.1232,32.4124],[-115.1403,32.4039],[-115.1522,32.4057],[-115.1641,32.4027],[-115.1698,32.3961],[-115.1702,32.3717],[-115.1679,32.3724],[-115.1492,32.3611],[-115.1598,32.3486],[-115.1533,32.3447],[-115.1545,32.3417],[-115.1504,32.338],[-115.147,32.336],[-115.1476,32.3349],[-115.1476,32.3293],[-115.1442,32.3265],[-115.0882,32.326],[-115.0875,32.3349],[-115.088,32.344],[-115.0561,32.3445],[-115.056,32.358]]]]}},{"type":"Feature","properties":{"cp":21720},"geometry":{"type":"MultiPolygon","coordinates":[[[[-115.1146,32.4054],[-115.1117,32.4129],[-115.1059,32.4143],[-115.092,32.4072],[-115.0853,32.4069],[-115.0882,32.4186],[-115.0932,32.4186],[-115.0925,32.428],[-115.0963,32.4282],[-115.0928,32.4374],[-115.1024,32.4446],[-115.0983,32.447],[-115.1097,32.4495],[-115.1097,32.4502],[-115.1122,32.4517],[-115.1132,32.4516],[-115.1142,32.4542],[-115.1173,32.4547],[-115.1211,32.4582],[-115.128,32.4557],[-115.1308,32.4557],[-115.1339,32.4566],[-115.1362,32.4594],[-115.141,32.4622],[-115.146,32.463],[-115.148,32.4616],[-115.1496,32.4536],[-115.1571,32.4441],[-115.1571,32.4277],[-115.1412,32.4276],[-115.1358,32.4314],[-115.1308,32.432],[-115.124,32.4293],[-115.1186,32.4289],[-115.1156,32.4273],[-115.1091,32.4318],[-115.112,32.4181],[-115.1232,32.4124],[-115.1146,32.4054]]],[[[-115.1097,32.3261],[-115.1152,32.3103],[-115.1169,32.3106],[-115.1189,32.3098],[-115.12,32.3107],[-115.1199,32.3122],[-115.1209,32.313],[-115.1232,32.3137],[-115.1272,32.3135],[-115.1326,32.3031],[-115.1339,32.3041],[-115.1345,32.3035],[-115.142,32.3094],[-115.1432,32.3094],[-115.1432,32.3055],[-115.1423,32.3027],[-115.1464,32.293],[-115.1491,32.2907],[-115.1507,32.2904],[-115.1513,32.2892],[-115.1514,32.2863],[-115.1526,32.2852],[-115.1545,32.2817],[-115.1564,32.2801],[-115.1595,32.2796],[-115.1622,32.2772],[-115.1622,32.2736],[-115.1663,32.2705],[-115.1676,32.2671],[-115.1072,32.2505],[-115.0881,32.2683],[-115.0957,32.2745],[-115.0865,32.2744],[-115.0865,32.2804],[-115.0809,32.2805],[-115.0805,32.2869],[-115.0791,32.2879],[-115.0729,32.287],[-115.0673,32.2902],[-115.0645,32.296],[-115.0656,32.298],[-115.0729,32.3061],[-115.0719,32.3111],[-115.0657,32.311],[-115.0619,32.3259],[-115.1097,32.3261]]]]}},{"type":"Feature","properties":{"cp":21902},"geometry":{"type":"MultiPolygon","coordinates":[[[[-115.0538,32.5642],[-115.0547,32.553],[-115.0589,32.5526],[-115.059,32.5512],[-115.0566,32.5512],[-115.0566,32.5467],[-115.0551,32.546],[-115.0553,32.5424],[-115.0431,32.5428],[-115.0431,32.545],[-115.0396,32.5449],[-115.0398,32.554],[-115.0349,32.5548],[-115.0349,32.563],[-115.0354,32.5629],[-115.0357,32.5675],[-115.0366,32.5673],[-115.038,32.5709],[-115.0385,32.5715],[-115.0517,32.5643],[-115.0538,32.5642]]]]}},{"type":"Feature","properties":{"cp":21913},"geometry":{"type":"MultiPolygon","coordinates":[[[[-115.1059,32.5684],[-115.0994,32.5642],[-115.1003,32.5625],[-115.1003,32.5521],[-115.0998,32.5521],[-115.0999,32.542],[-115.0989,32.542],[-115.1,32.5378],[-115.1002,32.5178],[-115.1007,32.5133],[-115.0931,32.515],[-115.0925,32.516],[-115.087,32.5184],[-115.0804,32.5225],[-115.0435,32.5258],[-115.0431,32.5428],[-115.0553,32.5424],[-115.0551,32.546],[-115.0566,32.5467],[-115.0566,32.5512],[-115.059,32.5512],[-115.0587,32.5528],[-115.0547,32.553],[-115.0538,32.5642],[-115.0642,32.5642],[-115.0646,32.5697],[-115.0776,32.5694],[-115.0831,32.5713],[-115.087,32.5719],[-115.0931,32.5709],[-115.0937,32.5747],[-115.0959,32.5746],[-115.0958,32.5731],[-115.1005,32.5733],[-115.1009,32.5727],[-115.1046,32.5737],[-115.1048,32.5708],[-115.1059,32.5684]]]]}},{"type":"Feature","properties":{"cp":21802},"geometry":{"type":"MultiPolygon","coordinates":[[[[-115.0261,32.0842],[-115.0301,32.0932],[-115.0309,32.1027],[-114.9874,32.1024],[-114.9866,32.1036],[-114.9839,32.105],[-114.9779,32.1073],[-114.9897,32.1464],[-114.9849,32.157],[-115.0085,32.1566],[-115.0247,32.1571],[-115.0241,32.178],[-115.0226,32.1794],[-115.0226,32.1808],[-115.02,32.1841],[-115.0195,32.1868],[-115.0202,32.1898],[-115.0239,32.1944],[-115.0332,32.1914],[-115.0371,32.1861],[-115.0411,32.1844],[-115.0819,32.1845],[-115.0821,32.1784],[-115.0928,32.1789],[-115.0936,32.1821],[-115.1018,32.1746],[-115.1056,32.1719],[-115.1089,32.161],[-115.1086,32.1587],[-115.1092,32.1569],[-115.1165,32.1509],[-115.1198,32.1472],[-115.1188,32.1451],[-115.1192,32.1443],[-115.1182,32.1428],[-115.1194,32.1421],[-115.1201,32.1391],[-115.124,32.1366],[-115.1259,32.1365],[-115.1281,32.1353],[-115.128,32.1342],[-115.1308,32.1324],[-115.1322,32.1307],[-115.1318,32.1266],[-115.1353,32.1214],[-115.1407,32.1192],[-115.1435,32.1157],[-115.1431,32.1112],[-115.1402,32.1095],[-115.1368,32.0962],[-115.1355,32.0956],[-115.1205,32.0955],[-115.1202,32.0848],[-115.0784,32.085],[-115.0261,32.0842]]]]}},{"type":"Feature","properties":{"cp":21803},"geometry":{"type":"MultiPolygon","coordinates":[[[[-115.0446,31.9737],[-115.0302,31.9729],[-115.0249,31.9712],[-115.0224,31.9691],[-115.0199,31.9658],[-115.0164,31.9571],[-115.0125,31.9559],[-115.0113,31.9562],[-115.0101,31.9575],[-115.0083,31.9561],[-115.0051,31.9556],[-115.0004,31.9537],[-115.0001,31.9529],[-115.0016,31.9516],[-115.0019,31.9502],[-114.9985,31.9464],[-114.9966,31.9455],[-114.994,31.9457],[-114.9919,31.9472],[-114.9898,31.9472],[-114.9883,31.9425],[-114.9828,31.9337],[-114.9828,31.9304],[-114.9839,31.929],[-114.9846,31.9252],[-114.9836,31.9222],[-114.9788,31.9202],[-114.9655,31.9184],[-114.9666,31.9645],[-114.9684,31.9644],[-114.9841,31.9731],[-115.0069,31.9736],[-115.0081,31.9745],[-115.0177,31.9912],[-115.0236,32.0228],[-115.0248,32.024],[-115.027,32.0242],[-115.0289,32.0295],[-115.0276,32.0336],[-115.0239,32.0374],[-115.0242,32.0389],[-115.0231,32.0418],[-115.0242,32.044],[-115.0239,32.046],[-115.0214,32.0479],[-115.0167,32.0485],[-115.0136,32.0522],[-115.0109,32.0537],[-115.0106,32.0546],[-115.0117,32.0565],[-115.0135,32.0573],[-115.0173,32.0577],[-115.0185,32.0566],[-115.0171,32.0545],[-115.0174,32.0535],[-115.019,32.0523],[-115.0211,32.0522],[-115.0231,32.054],[-115.024,32.058],[-115.026,32.06],[-115.0282,32.0611],[-115.0299,32.0606],[-115.0317,32.0611],[-115.0336,32.0625],[-115.0346,32.064],[-115.0348,32.0667],[-115.0314,32.0702],[-115.0301,32.0725],[-115.0252,32.0746],[-115.025,32.0816],[-115.0261,32.0842],[-115.0784,32.085],[-115.1202,32.0848],[-115.1203,32.0954],[-115.1366,32.0959],[-115.1404,32.1099],[-115.1431,32.1112],[-115.1445,32.1106],[-115.1451,32.1096],[-115.1444,32.1088],[-115.145,32.1069],[-115.1466,32.1063],[-115.1454,32.1039],[-115.1468,32.1027],[-115.1441,32.101],[-115.1425,32.096],[-115.1458,32.0903],[-115.1454,32.0896],[-115.1441,32.0905],[-115.1432,32.09],[-115.1443,32.0869],[-115.141,32.0773],[-115.1413,32.0764],[-115.1435,32.0764],[-115.1428,32.0734],[-115.1449,32.0698],[-115.1442,32.0672],[-115.1451,32.0632],[-115.1444,32.0609],[-115.1445,32.0574],[-115.1406,32.0572],[-115.1395,32.0544],[-115.1406,32.0537],[-115.1466,32.0531],[-115.1518,32.0518],[-115.1533,32.0508],[-115.1572,32.0528],[-115.1604,32.0527],[-115.1617,32.0515],[-115.1619,32.0502],[-115.1588,32.0445],[-115.158,32.0454],[-115.1566,32.0449],[-115.1517,32.0403],[-115.1441,32.0356],[-115.1403,32.0358],[-115.1388,32.0369],[-115.138,32.0368],[-115.1362,32.0335],[-115.1338,32.0314],[-115.1283,32.0293],[-115.1265,32.0291],[-115.1245,32.0301],[-115.1264,32.033],[-115.1269,32.035],[-115.1248,32.0385],[-115.1224,32.0394],[-115.1202,32.039],[-115.1196,32.0371],[-115.1202,32.0319],[-115.1183,32.0255],[-115.1176,32.025],[-115.1156,32.0256],[-115.1142,32.0251],[-115.1124,32.021],[-115.1115,32.0203],[-115.1072,32.0205],[-115.1051,32.0162],[-115.1023,32.0158],[-115.1006,32.019],[-115.0981,32.0216],[-115.0952,32.0189],[-115.0913,32.0186],[-115.0824,32.0132],[-115.0791,32.0123],[-115.0763,32.0096],[-115.0725,32.0085],[-115.0716,32.0076],[-115.071,32.0044],[-115.0653,32.0018],[-115.0626,32.0033],[-115.0612,32.003],[-115.0601,32.0015],[-115.0602,31.9988],[-115.0579,31.9958],[-115.0571,31.991],[-115.0556,31.991],[-115.0538,31.9929],[-115.0524,31.9933],[-115.05,31.9927],[-115.0471,31.9909],[-115.0463,31.986],[-115.0435,31.9814],[-115.0455,31.977],[-115.0441,31.975],[-115.0446,31.9737]]]]}},{"type":"Feature","properties":{"cp":21743},"geometry":{"type":"MultiPolygon","coordinates":[[[[-115.1588,32.0445],[-115.1619,32.0502],[-115.1617,32.0515],[-115.1604,32.0527],[-115.1572,32.0528],[-115.1533,32.0508],[-115.1518,32.0518],[-115.1466,32.0531],[-115.1406,32.0537],[-115.1395,32.0544],[-115.1406,32.0572],[-115.1445,32.0574],[-115.1444,32.0609],[-115.1452,32.0635],[-115.1442,32.0672],[-115.1449,32.0698],[-115.1428,32.0734],[-115.1435,32.0764],[-115.1413,32.0764],[-115.141,32.0773],[-115.1443,32.0869],[-115.1432,32.09],[-115.1441,32.0905],[-115.1454,32.0896],[-115.1458,32.0903],[-115.1426,32.0955],[-115.1427,32.0976],[-115.1441,32.101],[-115.1468,32.1027],[-115.1454,32.104],[-115.1466,32.1063],[-115.1451,32.1067],[-115.1444,32.1088],[-115.1451,32.1096],[-115.1445,32.1106],[-115.1431,32.1112],[-115.1435,32.1157],[-115.1407,32.1192],[-115.1353,32.1214],[-115.1318,32.1266],[-115.1322,32.1307],[-115.1308,32.1324],[-115.128,32.1342],[-115.1281,32.1353],[-115.1259,32.1365],[-115.124,32.1366],[-115.1201,32.1391],[-115.1194,32.1421],[-115.1182,32.1428],[-115.1192,32.1443],[-115.1188,32.1451],[-115.1198,32.1472],[-115.1165,32.1509],[-115.1092,32.1569],[-115.1086,32.1587],[-115.1089,32.161],[-115.1056,32.1719],[-115.1018,32.1746],[-115.089,32.1864],[-115.0858,32.1913],[-115.0819,32.2027],[-115.0783,32.2055],[-115.0767,32.2096],[-115.0744,32.2105],[-115.0723,32.2105],[-115.0716,32.2112],[-115.0717,32.213],[-115.0694,32.2139],[-115.0705,32.2161],[-115.0706,32.2184],[-115.0761,32.2167],[-115.0834,32.2166],[-115.0889,32.2157],[-115.0925,32.214],[-115.1046,32.2115],[-115.1169,32.2054],[-115.1319,32.1956],[-115.1366,32.1935],[-115.1441,32.1933],[-115.1609,32.1949],[-115.1628,32.1956],[-115.1664,32.1945],[-115.1718,32.1907],[-115.1838,32.1796],[-115.1876,32.1768],[-115.191,32.1733],[-115.1947,32.1677],[-115.2009,32.1479],[-115.2011,32.1439],[-115.2028,32.1399],[-115.2018,32.1375],[-115.2016,32.1314],[-115.1996,32.1267],[-115.2007,32.1237],[-115.1999,32.119],[-115.2,32.1124],[-115.2013,32.1119],[-115.2064,32.1117],[-115.2078,32.11],[-115.2096,32.1098],[-115.2106,32.1103],[-115.2094,32.1126],[-115.2123,32.1139],[-115.2128,32.1136],[-115.2141,32.1154],[-115.2149,32.1155],[-115.2183,32.1128],[-115.2186,32.1122],[-115.2152,32.1069],[-115.2162,32.1055],[-115.2187,32.1055],[-115.2208,32.1038],[-115.2206,32.1028],[-115.2194,32.1019],[-115.22,32.0977],[-115.2186,32.0929],[-115.2208,32.0899],[-115.2184,32.0828],[-115.2202,32.0808],[-115.2208,32.0779],[-115.2215,32.0778],[-115.2155,32.0707],[-115.2136,32.0694],[-115.2103,32.0689],[-115.2046,32.0708],[-115.2009,32.071],[-115.1967,32.0699],[-115.1938,32.0672],[-115.1936,32.0651],[-115.1954,32.0587],[-115.1965,32.0581],[-115.2001,32.0593],[-115.2027,32.0587],[-115.2046,32.0573],[-115.2067,32.0546],[-115.2094,32.0494],[-115.2078,32.0396],[-115.2047,32.0339],[-115.2026,32.0319],[-115.1946,32.0285],[-115.189,32.0281],[-115.1853,32.0293],[-115.1803,32.0326],[-115.18,32.0338],[-115.1842,32.0351],[-115.1861,32.0377],[-115.1905,32.039],[-115.1935,32.0383],[-115.1947,32.0401],[-115.1945,32.041],[-115.1924,32.0433],[-115.1911,32.0468],[-115.1868,32.0516],[-115.184,32.0532],[-115.1824,32.0532],[-115.1813,32.0521],[-115.1801,32.0457],[-115.1805,32.0436],[-115.1787,32.0402],[-115.1702,32.0391],[-115.1665,32.0413],[-115.1598,32.0434],[-115.1588,32.0445]]]]}},{"type":"Feature","properties":{"cp":21900},"geometry":{"type":"MultiPolygon","coordinates":[[[[-115.0151,32.5841],[-115.009,32.5722],[-115.0127,32.5708],[-115.0082,32.5665],[-115.0138,32.5463],[-115.0248,32.53],[-115.0253,32.5271],[-115.0804,32.5225],[-115.087,32.5184],[-115.0925,32.516],[-115.0931,32.515],[-115.1007,32.5133],[-115.108,32.4945],[-115.1065,32.4938],[-115.1071,32.492],[-115.1058,32.4855],[-115.1062,32.4841],[-115.1028,32.4863],[-115.1,32.487],[-115.0985,32.4867],[-115.0975,32.4876],[-115.0956,32.4867],[-115.0892,32.4795],[-115.0827,32.4794],[-115.0756,32.4824],[-115.0621,32.4823],[-115.042,32.4896],[-115.0427,32.4931],[-115.0474,32.5045],[-115.0497,32.5083],[-115.0449,32.5096],[-115.0397,32.509],[-115.0371,32.5134],[-115.035,32.5145],[-115.0257,32.5145],[-115.0214,32.5032],[-115.0212,32.4967],[-115.0198,32.4965],[-115.0162,32.4939],[-115.0125,32.4958],[-115.004,32.4977],[-115.0001,32.4975],[-114.9824,32.5014],[-114.971,32.5032],[-114.9616,32.5092],[-114.9593,32.5127],[-114.9225,32.5256],[-114.9779,32.542],[-114.9775,32.5791],[-114.9799,32.5836],[-114.983,32.5938],[-114.9948,32.5898],[-114.9963,32.5898],[-115.0151,32.5841]]]]}},{"type":"Feature","properties":{"cp":21185},"geometry":{"type":"MultiPolygon","coordinates":[[[[-115.5077,32.625],[-115.5066,32.625],[-115.5066,32.6245],[-115.5076,32.6245],[-115.5077,32.6234],[-115.5106,32.6222],[-115.5107,32.6207],[-115.5056,32.6208],[-115.5062,32.6192],[-115.5076,32.6175],[-115.5143,32.614],[-115.5054,32.614],[-115.5055,32.6286],[-115.5077,32.6286],[-115.5077,32.625]]]]}},{"type":"Feature","properties":{"cp":21813},"geometry":{"type":"MultiPolygon","coordinates":[[[[-115.0261,32.0842],[-115.025,32.0816],[-115.0252,32.0746],[-115.0301,32.0725],[-115.0314,32.0702],[-115.0348,32.0667],[-115.0346,32.064],[-115.0336,32.0625],[-115.0317,32.0611],[-115.0299,32.0606],[-115.0282,32.0611],[-115.026,32.06],[-115.024,32.058],[-115.0231,32.054],[-115.0211,32.0522],[-115.019,32.0523],[-115.0174,32.0535],[-115.0171,32.0545],[-115.0185,32.0566],[-115.0173,32.0577],[-115.0135,32.0573],[-115.0117,32.0565],[-115.0106,32.0546],[-115.0109,32.0537],[-115.0136,32.0522],[-115.0167,32.0485],[-115.0214,32.0479],[-115.0234,32.0466],[-115.0242,32.045],[-115.0231,32.0418],[-115.0242,32.0389],[-115.0239,32.0374],[-115.0264,32.0352],[-114.9708,32.035],[-114.9658,32.0357],[-114.9645,32.0337],[-114.9582,32.0339],[-114.957,32.0386],[-114.9779,32.1073],[-114.9839,32.105],[-114.9866,32.1036],[-114.9874,32.1024],[-115.0309,32.1027],[-115.0301,32.0932],[-115.0261,32.0842]]]]}},{"type":"Feature","properties":{"cp":21299},"geometry":{"type":"MultiPolygon","coordinates":[[[[-115.4142,32.6341],[-115.414,32.636],[-115.4185,32.636],[-115.4186,32.6342],[-115.4142,32.6341]]]]}},{"type":"Feature","properties":{"cp":21200},"geometry":{"type":"MultiPolygon","coordinates":[[[[-115.4526,32.6673],[-115.4525,32.6572],[-115.4374,32.6582],[-115.4383,32.6684],[-115.4526,32.6673]]]]}},{"type":"Feature","properties":{"cp":21810},"geometry":{"type":"MultiPolygon","coordinates":[[[[-114.9666,31.9645],[-114.9674,31.997],[-114.9582,32.0339],[-114.9645,32.0337],[-114.9658,32.0357],[-114.9708,32.035],[-115.0264,32.0352],[-115.0276,32.0336],[-115.029,32.0289],[-115.027,32.0242],[-115.0248,32.024],[-115.0236,32.0228],[-115.0177,31.9912],[-115.0081,31.9745],[-115.0053,31.9733],[-114.9841,31.9731],[-114.9684,31.9644],[-114.9666,31.9645]]]]}},{"type":"Feature","properties":{"cp":21376},"geometry":{"type":"MultiPolygon","coordinates":[[[[-115.3717,32.638],[-115.3716,32.6417],[-115.3704,32.6417],[-115.3704,32.6461],[-115.3656,32.6461],[-115.3657,32.6483],[-115.3677,32.6508],[-115.3768,32.6508],[-115.3853,32.6424],[-115.3843,32.6425],[-115.3857,32.6408],[-115.386,32.6379],[-115.3888,32.637],[-115.3972,32.6363],[-115.3994,32.6355],[-115.4,32.6274],[-115.4088,32.6272],[-115.409,32.6247],[-115.4007,32.6197],[-115.3925,32.6197],[-115.3925,32.6263],[-115.3876,32.6262],[-115.3876,32.6272],[-115.3809,32.6272],[-115.3775,32.634],[-115.3777,32.638],[-115.3717,32.638]]]]}},{"type":"Feature","properties":{"cp":21744},"geometry":{"type":"MultiPolygon","coordinates":[[[[-115.284,31.9556],[-115.2815,31.9456],[-115.2779,31.9397],[-115.2736,31.9354],[-115.2668,31.9318],[-115.2641,31.9285],[-115.2629,31.9259],[-115.2617,31.9192],[-115.2625,31.9054],[-115.2629,31.8664],[-115.2661,31.8628],[-115.2821,31.8574],[-115.2898,31.8505],[-115.2909,31.8473],[-115.2915,31.8372],[-115.2873,31.8243],[-115.2893,31.819],[-115.2918,31.8157],[-115.2919,31.8144],[-115.2893,31.8063],[-115.2898,31.805],[-115.2925,31.8023],[-115.2935,31.7995],[-115.2928,31.7911],[-115.2842,31.7963],[-115.2277,31.8176],[-115.1875,31.8303],[-115.1834,31.8328],[-115.1779,31.8487],[-115.1753,31.8457],[-115.1458,31.8247],[-115.1066,31.8055],[-115.0563,31.7125],[-115.0723,31.675],[-115.072,31.6619],[-115.0751,31.5611],[-115.0695,31.4764],[-115.0669,31.4691],[-115.0532,31.4405],[-115.0298,31.4484],[-114.9878,31.3616],[-114.8767,31.3854],[-114.8787,31.3863],[-114.8792,31.3906],[-114.8802,31.3929],[-114.8782,31.3949],[-114.8745,31.397],[-114.874,31.399],[-114.8724,31.3993],[-114.8719,31.4046],[-114.8724,31.4053],[-114.8701,31.4084],[-114.8699,31.4122],[-114.868,31.4138],[-114.8702,31.417],[-114.8698,31.4229],[-114.8629,31.4255],[-114.8608,31.4275],[-114.8593,31.4292],[-114.8595,31.4322],[-114.8581,31.4339],[-114.8591,31.4354],[-114.8552,31.452],[-114.8544,31.4597],[-114.8555,31.467],[-114.8547,31.4741],[-114.855,31.4794],[-114.858,31.4835],[-114.8578,31.489],[-114.8566,31.4957],[-114.8579,31.4987],[-114.858,31.5011],[-114.8423,31.5528],[-114.8347,31.5674],[-114.8328,31.5785],[-114.8293,31.5792],[-114.8258,31.5812],[-114.8222,31.5844],[-114.819,31.5924],[-114.8185,31.5978],[-114.8165,31.6031],[-114.8172,31.608],[-114.8165,31.6096],[-114.8117,31.6118],[-114.8081,31.6116],[-114.8054,31.6094],[-114.8007,31.6091],[-114.7956,31.612],[-114.7904,31.6167],[-114.7861,31.6248],[-114.7837,31.6355],[-114.7876,31.6648],[-114.7891,31.6722],[-114.7927,31.6834],[-114.7956,31.6901],[-114.8043,31.7006],[-114.8122,31.7162],[-114.817,31.7287],[-114.8184,31.7455],[-114.8178,31.7592],[-114.8172,31.7634],[-114.8101,31.7848],[-114.8084,31.7927],[-114.8076,31.8106],[-114.808,31.8136],[-114.8088,31.814],[-114.8069,31.8167],[-114.8189,31.8209],[-114.8216,31.8235],[-114.8257,31.8288],[-114.8313,31.839],[-114.8356,31.8502],[-114.8383,31.8545],[-114.8405,31.8601],[-114.8423,31.8628],[-114.8449,31.8646],[-114.8516,31.8662],[-114.857,31.8665],[-114.8608,31.8663],[-114.8674,31.8645],[-114.8716,31.8645],[-114.8751,31.8656],[-114.8834,31.8702],[-114.8907,31.8723],[-114.8976,31.8717],[-114.9032,31.8685],[-114.9067,31.8673],[-114.9108,31.8678],[-114.9122,31.8708],[-114.9108,31.8745],[-114.9108,31.8766],[-114.9136,31.8813],[-114.9174,31.8833],[-114.9369,31.8903],[-114.9392,31.8921],[-114.9425,31.9011],[-114.9432,31.9066],[-114.9458,31.9108],[-114.9507,31.9135],[-114.9639,31.918],[-114.9788,31.9202],[-114.9836,31.9222],[-114.9846,31.9252],[-114.9839,31.929],[-114.9828,31.9304],[-114.9828,31.9337],[-114.9883,31.9425],[-114.9898,31.9472],[-114.9919,31.9472],[-114.994,31.9457],[-114.9966,31.9455],[-114.9985,31.9464],[-115.0019,31.9502],[-115.0016,31.9516],[-115.0001,31.9529],[-115.0004,31.9537],[-115.0051,31.9556],[-115.0083,31.9561],[-115.0101,31.9575],[-115.0113,31.9562],[-115.0125,31.9559],[-115.0164,31.9571],[-115.0199,31.9658],[-115.0224,31.9691],[-115.0249,31.9712],[-115.0302,31.9729],[-115.0446,31.9737],[-115.0477,31.9701],[-115.0515,31.9692],[-115.055,31.9674],[-115.0595,31.967],[-115.0645,31.9684],[-115.0673,31.9682],[-115.0783,31.9623],[-115.0818,31.9576],[-115.088,31.9564],[-115.0948,31.9565],[-115.0978,31.9555],[-115.1021,31.9528],[-115.1058,31.9521],[-115.1108,31.9498],[-115.112,31.95],[-115.1134,31.9515],[-115.1142,31.9562],[-115.1065,31.9607],[-115.1051,31.9703],[-115.1055,31.972],[-115.1074,31.9736],[-115.1103,31.9741],[-115.1128,31.9735],[-115.1204,31.97],[-115.1219,31.9699],[-115.1232,31.9714],[-115.1309,31.9744],[-115.131,31.9752],[-115.1299,31.9771],[-115.1317,31.9784],[-115.1981,31.9762],[-115.284,31.9556]]]]}},{"type":"Feature","properties":{"cp":21170},"geometry":{"type":"MultiPolygon","coordinates":[[[[-115.5056,32.6409],[-115.5055,32.633],[-115.5028,32.6329],[-115.5028,32.6369],[-115.4993,32.6371],[-115.5028,32.6426],[-115.5032,32.641],[-115.5056,32.6409]]],[[[-115.506,32.6381],[-115.5101,32.638],[-115.5101,32.631],[-115.5059,32.6311],[-115.506,32.6381]]]]}},{"type":"Feature","properties":{"cp":21337},"geometry":{"type":"MultiPolygon","coordinates":[[[[-115.5143,32.614],[-115.5156,32.6134],[-115.515,32.6132],[-115.4867,32.6132],[-115.4787,32.6112],[-115.4727,32.609],[-115.4727,32.6079],[-115.4659,32.6057],[-115.4629,32.6056],[-115.4629,32.6065],[-115.4483,32.6058],[-115.4482,32.6065],[-115.4491,32.6078],[-115.4493,32.6067],[-115.4517,32.6064],[-115.4657,32.6075],[-115.4843,32.6136],[-115.4843,32.6142],[-115.5143,32.614]]]]}},{"type":"Feature","properties":{"cp":21745},"geometry":{"type":"MultiPolygon","coordinates":[[[[-115.3822,32.1918],[-115.3859,32.1924],[-115.3893,32.1913],[-115.3904,32.1921],[-115.3911,32.1937],[-115.3964,32.1932],[-115.3971,32.1937],[-115.3979,32.1932],[-115.3974,32.1919],[-115.3979,32.1908],[-115.3987,32.1912],[-115.3988,32.1922],[-115.403,32.1942],[-115.4026,32.1951],[-115.4038,32.1953],[-115.4046,32.1966],[-115.4084,32.1981],[-115.4087,32.1991],[-115.4105,32.1998],[-115.4113,32.2008],[-115.4155,32.2008],[-115.4171,32.2022],[-115.4193,32.2058],[-115.4192,32.2087],[-115.4209,32.2106],[-115.4211,32.214],[-115.4232,32.218],[-115.4217,32.2216],[-115.4154,32.2234],[-115.4161,32.2247],[-115.4143,32.2256],[-115.4149,32.2265],[-115.4142,32.2274],[-115.4142,32.2294],[-115.4116,32.231],[-115.4124,32.2334],[-115.4112,32.2359],[-115.4108,32.2408],[-115.409,32.2424],[-115.4046,32.2437],[-115.404,32.2465],[-115.4051,32.2489],[-115.4039,32.2509],[-115.402,32.2519],[-115.4,32.2503],[-115.3989,32.2509],[-115.3899,32.2512],[-115.388,32.2532],[-115.3856,32.2523],[-115.3828,32.2536],[-115.3814,32.2564],[-115.3825,32.2588],[-115.3824,32.2603],[-115.3817,32.2611],[-115.3835,32.2635],[-115.3856,32.2643],[-115.3887,32.2692],[-115.389,32.272],[-115.3902,32.2734],[-115.3903,32.2762],[-115.3872,32.2772],[-115.3856,32.28],[-115.3842,32.2799],[-115.3811,32.2811],[-115.3801,32.2837],[-115.3784,32.2853],[-115.3792,32.2899],[-115.3813,32.2917],[-115.3808,32.2969],[-115.3822,32.3002],[-115.3871,32.3039],[-115.3879,32.3063],[-115.3877,32.3085],[-115.3847,32.3111],[-115.384,32.3129],[-115.3852,32.3187],[-115.3848,32.3197],[-115.3856,32.3209],[-115.3852,32.3249],[-115.3825,32.3251],[-115.3809,32.3266],[-115.3813,32.3283],[-115.3838,32.3304],[-115.3842,32.3341],[-115.3858,32.3352],[-115.3882,32.3352],[-115.3907,32.3375],[-115.3939,32.3386],[-115.3985,32.3387],[-115.4005,32.3377],[-115.4034,32.3375],[-115.4049,32.3393],[-115.4089,32.3406],[-115.4106,32.3418],[-115.4169,32.3419],[-115.4209,32.3442],[-115.4224,32.3472],[-115.4272,32.3486],[-115.4279,32.3517],[-115.4308,32.354],[-115.4329,32.3577],[-115.4356,32.36],[-115.4424,32.3617],[-115.4438,32.3626],[-115.4461,32.3653],[-115.4463,32.3675],[-115.4478,32.3691],[-115.4487,32.372],[-115.4522,32.3728],[-115.4555,32.3758],[-115.4567,32.3777],[-115.461,32.3787],[-115.4647,32.3809],[-115.4674,32.385],[-115.4711,32.3863],[-115.4741,32.3882],[-115.4775,32.3888],[-115.4823,32.392],[-115.4863,32.3909],[-115.4905,32.392],[-115.4916,32.3929],[-115.4936,32.3993],[-115.4967,32.4022],[-115.4985,32.4029],[-115.4993,32.4063],[-115.5013,32.4077],[-115.5033,32.408],[-115.505,32.4069],[-115.5087,32.4065],[-115.5105,32.4054],[-115.5107,32.4042],[-115.5125,32.4035],[-115.5146,32.404],[-115.5172,32.4028],[-115.5184,32.4037],[-115.5218,32.4028],[-115.5223,32.4016],[-115.5237,32.4024],[-115.526,32.4019],[-115.5264,32.4006],[-115.5282,32.4008],[-115.5299,32.402],[-115.5323,32.3996],[-115.5368,32.3977],[-115.5406,32.3977],[-115.5484,32.3992],[-115.5514,32.398],[-115.5652,32.3971],[-115.5712,32.3951],[-115.5756,32.3948],[-115.594,32.3959],[-115.6074,32.3932],[-115.6144,32.3901],[-115.6167,32.3882],[-115.6302,32.3719],[-115.6346,32.3696],[-115.6384,32.369],[-115.6423,32.3691],[-115.6448,32.37],[-115.6497,32.3732],[-115.6611,32.3764],[-115.6665,32.3761],[-115.6684,32.3754],[-115.6731,32.3718],[-115.6784,32.3703],[-115.6868,32.3694],[-115.6942,32.3712],[-115.6963,32.3724],[-115.7041,32.3835],[-115.7182,32.392],[-115.7221,32.3932],[-115.728,32.3927],[-115.7298,32.3932],[-115.7349,32.3984],[-115.7415,32.4119],[-115.7477,32.4181],[-115.751,32.4182],[-115.7583,32.4148],[-115.7675,32.4157],[-115.7748,32.415],[-115.7855,32.4105],[-115.8019,32.4053],[-115.8093,32.4036],[-115.8207,32.4038],[-115.8245,32.405],[-115.8368,32.4045],[-115.8396,32.4051],[-115.8415,32.4064],[-115.8441,32.4059],[-115.8457,32.4072],[-115.8515,32.4047],[-115.8546,32.4048],[-115.8585,32.4063],[-115.8603,32.4057],[-115.8604,32.4038],[-115.8692,32.4015],[-115.8747,32.3989],[-115.8478,31.9901],[-115.6045,31.624],[-115.5666,31.6434],[-115.5373,31.6698],[-115.453,31.7282],[-115.3833,31.7723],[-115.3119,31.8046],[-115.2928,31.7911],[-115.2935,31.7995],[-115.2925,31.8023],[-115.2898,31.805],[-115.2893,31.8063],[-115.2919,31.8144],[-115.2918,31.8157],[-115.2893,31.819],[-115.2873,31.8243],[-115.2915,31.8372],[-115.2909,31.8473],[-115.2898,31.8505],[-115.2821,31.8574],[-115.2661,31.8628],[-115.2629,31.8664],[-115.2625,31.9054],[-115.2617,31.9192],[-115.2629,31.9259],[-115.2641,31.9285],[-115.2668,31.9318],[-115.2736,31.9354],[-115.2779,31.9397],[-115.2815,31.9456],[-115.2853,31.9617],[-115.2868,31.9649],[-115.2874,31.9679],[-115.2865,31.9742],[-115.287,31.9795],[-115.2907,31.991],[-115.2947,31.9977],[-115.3017,32.0026],[-115.3026,32.0051],[-115.3008,32.0079],[-115.2962,32.0089],[-115.2935,32.0107],[-115.2926,32.0126],[-115.2937,32.0231],[-115.2884,32.0293],[-115.2865,32.035],[-115.2868,32.0371],[-115.2896,32.0425],[-115.2889,32.0481],[-115.2907,32.053],[-115.2883,32.0628],[-115.2888,32.0667],[-115.291,32.0699],[-115.297,32.0725],[-115.2998,32.0755],[-115.3081,32.087],[-115.3082,32.0884],[-115.3033,32.0965],[-115.3048,32.1051],[-115.3019,32.1101],[-115.2987,32.1133],[-115.2986,32.115],[-115.2998,32.1166],[-115.2981,32.1203],[-115.2991,32.1235],[-115.296,32.126],[-115.2961,32.1276],[-115.3035,32.1349],[-115.3047,32.1354],[-115.3136,32.1344],[-115.3156,32.1365],[-115.3207,32.1371],[-115.3215,32.1377],[-115.3228,32.1404],[-115.3229,32.1445],[-115.3258,32.1484],[-115.327,32.1538],[-115.3321,32.159],[-115.336,32.16],[-115.3381,32.162],[-115.3396,32.162],[-115.3413,32.163],[-115.3444,32.1631],[-115.3473,32.1649],[-115.3497,32.1648],[-115.3544,32.1667],[-115.3558,32.1683],[-115.3602,32.1671],[-115.3616,32.1654],[-115.363,32.165],[-115.3631,32.1622],[-115.3658,32.1602],[-115.3701,32.1602],[-115.3758,32.163],[-115.3787,32.1668],[-115.384,32.171],[-115.3848,32.1747],[-115.3847,32.1767],[-115.3828,32.1785],[-115.3836,32.1813],[-115.3808,32.1852],[-115.3809,32.1884],[-115.3822,32.1918]]]]}},{"type":"Feature","properties":{"cp":21611},"geometry":{"type":"MultiPolygon","coordinates":[[[[-115.6084,32.5626],[-115.6182,32.5572],[-115.621,32.5536],[-115.6234,32.554],[-115.6283,32.5524],[-115.6303,32.553],[-115.6321,32.5523],[-115.6331,32.5529],[-115.6352,32.5527],[-115.6371,32.5514],[-115.6401,32.551],[-115.641,32.5502],[-115.6418,32.5486],[-115.6424,32.5415],[-115.6444,32.5393],[-115.6423,32.5358],[-115.6425,32.5322],[-115.6412,32.528],[-115.6396,32.5269],[-115.6347,32.5262],[-115.632,32.5272],[-115.6268,32.5277],[-115.6213,32.5228],[-115.6198,32.5178],[-115.6164,32.5162],[-115.6125,32.516],[-115.61,32.5142],[-115.6072,32.5134],[-115.605,32.5118],[-115.6037,32.5064],[-115.6021,32.505],[-115.6002,32.5044],[-115.5997,32.5033],[-115.5997,32.5023],[-115.6016,32.5002],[-115.6024,32.4949],[-115.6035,32.4929],[-115.6029,32.4904],[-115.5996,32.4899],[-115.5968,32.4861],[-115.5939,32.4859],[-115.5915,32.4847],[-115.5877,32.4798],[-115.5878,32.4772],[-115.5853,32.4749],[-115.5828,32.4747],[-115.5803,32.4757],[-115.5778,32.4752],[-115.5714,32.4705],[-115.5648,32.4675],[-115.5633,32.4645],[-115.5613,32.4625],[-115.5615,32.46],[-115.5605,32.4577],[-115.5604,32.4545],[-115.5563,32.4506],[-115.5549,32.4484],[-115.5522,32.4468],[-115.5517,32.4446],[-115.5531,32.4401],[-115.5485,32.4356],[-115.5463,32.4357],[-115.5468,32.4371],[-115.5464,32.4405],[-115.5448,32.4417],[-115.5446,32.443],[-115.5435,32.4436],[-115.5429,32.4451],[-115.5421,32.4449],[-115.5409,32.4458],[-115.5373,32.445],[-115.5322,32.4421],[-115.5315,32.4432],[-115.5288,32.4429],[-115.5271,32.4441],[-115.5261,32.4438],[-115.5231,32.4449],[-115.5224,32.4441],[-115.5214,32.4449],[-115.5208,32.4443],[-115.5167,32.4455],[-115.5158,32.449],[-115.5139,32.4505],[-115.5125,32.4505],[-115.5113,32.4489],[-115.51,32.4483],[-115.5058,32.4489],[-115.5041,32.451],[-115.5024,32.4622],[-115.5,32.4665],[-115.4987,32.4675],[-115.4946,32.4691],[-115.4882,32.4684],[-115.4839,32.4708],[-115.4797,32.478],[-115.4784,32.4829],[-115.477,32.4856],[-115.4692,32.4932],[-115.4576,32.5021],[-115.4565,32.5046],[-115.454,32.5052],[-115.4856,32.5478],[-115.4888,32.5477],[-115.5044,32.5595],[-115.5205,32.5598],[-115.5205,32.5692],[-115.5717,32.5557],[-115.5946,32.5558],[-115.5986,32.5568],[-115.6051,32.5603],[-115.6074,32.5631],[-115.6084,32.5626]]]]}},{"type":"Feature","properties":{"cp":21820},"geometry":{"type":"MultiPolygon","coordinates":[[[[-115.0853,32.4069],[-115.08,32.407],[-115.0753,32.4081],[-115.0558,32.4129],[-115.0457,32.4169],[-115.0444,32.417],[-115.0407,32.4185],[-115.0345,32.4273],[-115.0433,32.4291],[-115.0422,32.4312],[-115.0432,32.4363],[-115.0379,32.4454],[-115.0328,32.4505],[-115.0421,32.4525],[-115.0426,32.4514],[-115.0611,32.4564],[-115.0604,32.4578],[-115.0585,32.4594],[-115.0572,32.4628],[-115.0386,32.4617],[-115.0511,32.4692],[-115.0583,32.4777],[-115.0584,32.4838],[-115.0638,32.482],[-115.0765,32.4823],[-115.0818,32.4795],[-115.0884,32.4792],[-115.0901,32.4803],[-115.0956,32.4867],[-115.0975,32.4876],[-115.0985,32.4867],[-115.1,32.487],[-115.1028,32.4863],[-115.1062,32.4841],[-115.1058,32.4855],[-115.1071,32.492],[-115.1066,32.4939],[-115.1091,32.4949],[-115.1094,32.4911],[-115.1101,32.4905],[-115.1169,32.491],[-115.1205,32.4894],[-115.1208,32.4877],[-115.1172,32.4866],[-115.1165,32.4857],[-115.1214,32.4843],[-115.1226,32.4844],[-115.1255,32.4867],[-115.1271,32.4864],[-115.1305,32.4876],[-115.1373,32.4854],[-115.1393,32.4866],[-115.1396,32.4897],[-115.1433,32.4911],[-115.1499,32.4902],[-115.1534,32.4889],[-115.1535,32.4828],[-115.1569,32.481],[-115.1609,32.4816],[-115.178,32.482],[-115.1782,32.4805],[-115.1744,32.4782],[-115.1733,32.4766],[-115.1734,32.4741],[-115.1725,32.4737],[-115.172,32.4721],[-115.1732,32.4694],[-115.1726,32.4681],[-115.1734,32.4672],[-115.1711,32.4668],[-115.1691,32.4644],[-115.1624,32.4645],[-115.1581,32.468],[-115.155,32.4678],[-115.1523,32.4668],[-115.1499,32.4642],[-115.1479,32.4633],[-115.142,32.4627],[-115.1373,32.4603],[-115.1338,32.4566],[-115.1282,32.4556],[-115.1211,32.4582],[-115.1173,32.4547],[-115.1142,32.4542],[-115.1132,32.4516],[-115.1122,32.4517],[-115.1097,32.4502],[-115.1097,32.4495],[-115.0983,32.447],[-115.1024,32.4446],[-115.0928,32.4374],[-115.0963,32.4282],[-115.0925,32.428],[-115.0932,32.4186],[-115.0882,32.4186],[-115.0853,32.4069]]]]}},{"type":"Feature","properties":{"cp":21705},"geometry":{"type":"MultiPolygon","coordinates":[[[[-115.1508,32.4055],[-115.1517,32.4183],[-115.157,32.4186],[-115.1571,32.4441],[-115.1626,32.4422],[-115.1643,32.4346],[-115.1911,32.4347],[-115.1917,32.4298],[-115.2016,32.4298],[-115.2019,32.4019],[-115.195,32.4018],[-115.1952,32.3892],[-115.1923,32.3898],[-115.18,32.3986],[-115.1522,32.4057],[-115.1508,32.4055]]]]}},{"type":"Feature","properties":{"cp":21239},"geometry":{"type":"MultiPolygon","coordinates":[[[[-115.4433,32.6566],[-115.451,32.6567],[-115.451,32.6557],[-115.4414,32.6478],[-115.4404,32.6486],[-115.4405,32.6498],[-115.4431,32.6521],[-115.4433,32.6566]]]]}},{"type":"Feature","properties":{"cp":21704},"geometry":{"type":"MultiPolygon","coordinates":[[[[-115.1232,32.4124],[-115.112,32.4181],[-115.1091,32.4318],[-115.1156,32.4273],[-115.1186,32.4289],[-115.124,32.4293],[-115.1308,32.432],[-115.1358,32.4314],[-115.1412,32.4276],[-115.1571,32.4277],[-115.157,32.4186],[-115.1517,32.4183],[-115.1508,32.4055],[-115.1403,32.4039],[-115.1232,32.4124]]]]}},{"type":"Feature","properties":{"cp":21980},"geometry":{"type":"MultiPolygon","coordinates":[[[[-114.8296,32.6144],[-114.8334,32.5637],[-114.8122,32.5635],[-114.8111,32.5683],[-114.8071,32.5736],[-114.8034,32.5817],[-114.8031,32.5843],[-114.8013,32.5884],[-114.8015,32.5943],[-114.8032,32.5989],[-114.8052,32.5999],[-114.8071,32.6029],[-114.8087,32.6105],[-114.809,32.6169],[-114.807,32.6225],[-114.8059,32.6241],[-114.8022,32.6253],[-114.7974,32.6246],[-114.7925,32.6215],[-114.7904,32.6211],[-114.7854,32.6224],[-114.7831,32.6303],[-114.7814,32.6326],[-114.7684,32.64],[-114.7646,32.6432],[-114.7633,32.6453],[-114.7631,32.6504],[-114.7623,32.6516],[-114.7572,32.6565],[-114.7525,32.6591],[-114.7502,32.6617],[-114.7472,32.6694],[-114.7461,32.676],[-114.7436,32.6804],[-114.7475,32.683],[-114.7618,32.6629],[-114.8276,32.6185],[-114.8293,32.6164],[-114.8296,32.6144]]]]}},{"type":"Feature","properties":{"cp":21130},"geometry":{"type":"MultiPolygon","coordinates":[[[[-115.5185,32.6471],[-115.5057,32.6473],[-115.5057,32.6562],[-115.511,32.6561],[-115.5105,32.6554],[-115.5158,32.6554],[-115.5158,32.6625],[-115.5194,32.6624],[-115.519,32.6504],[-115.5226,32.6505],[-115.5226,32.6477],[-115.5193,32.6477],[-115.5193,32.6471],[-115.5185,32.6471]]]]}},{"type":"Feature","properties":{"cp":21700},"geometry":{"type":"MultiPolygon","coordinates":[[[[-115.1641,32.4027],[-115.18,32.3986],[-115.1923,32.3898],[-115.1952,32.3892],[-115.195,32.4018],[-115.2019,32.4019],[-115.2016,32.4298],[-115.1917,32.4298],[-115.1911,32.4347],[-115.1643,32.4346],[-115.1626,32.4422],[-115.1564,32.4443],[-115.1496,32.4536],[-115.148,32.4616],[-115.146,32.463],[-115.1499,32.4642],[-115.1532,32.4672],[-115.1567,32.4681],[-115.1589,32.4675],[-115.1624,32.4645],[-115.1694,32.4645],[-115.1711,32.4668],[-115.1734,32.4672],[-115.1726,32.4681],[-115.1732,32.4694],[-115.172,32.4721],[-115.1725,32.4737],[-115.1734,32.4741],[-115.1733,32.4766],[-115.1744,32.4782],[-115.1782,32.4805],[-115.178,32.482],[-115.1804,32.4844],[-115.1922,32.4853],[-115.1939,32.4846],[-115.211,32.4848],[-115.2145,32.4882],[-115.2157,32.4882],[-115.2159,32.4999],[-115.2538,32.5003],[-115.2544,32.5031],[-115.254,32.5337],[-115.2897,32.5336],[-115.2898,32.5258],[-115.2919,32.5256],[-115.2921,32.5224],[-115.2898,32.5199],[-115.2876,32.519],[-115.2868,32.5179],[-115.2854,32.5179],[-115.2845,32.5154],[-115.2861,32.5134],[-115.291,32.5123],[-115.2964,32.5129],[-115.2981,32.5123],[-115.3014,32.5134],[-115.3033,32.5148],[-115.3078,32.5161],[-115.3128,32.5132],[-115.3167,32.5132],[-115.3179,32.5141],[-115.3206,32.5146],[-115.3214,32.5142],[-115.319,32.5097],[-115.323,32.5105],[-115.3281,32.5103],[-115.329,32.5089],[-115.3292,32.5068],[-115.3334,32.5067],[-115.3362,32.5057],[-115.3406,32.5028],[-115.3438,32.5053],[-115.3465,32.5034],[-115.35,32.5033],[-115.3572,32.5086],[-115.3599,32.5096],[-115.361,32.5109],[-115.3631,32.5063],[-115.359,32.5029],[-115.3587,32.484],[-115.345,32.464],[-115.3448,32.4541],[-115.3374,32.4486],[-115.3359,32.4466],[-115.3321,32.4449],[-115.3306,32.4406],[-115.3285,32.4395],[-115.3289,32.4387],[-115.3115,32.432],[-115.3136,32.43],[-115.315,32.4261],[-115.3155,32.4222],[-115.3154,32.4194],[-115.3142,32.417],[-115.3145,32.4138],[-115.3125,32.4107],[-115.3089,32.4094],[-115.3066,32.4077],[-115.3033,32.4068],[-115.2988,32.408],[-115.2963,32.4078],[-115.2946,32.4103],[-115.2902,32.4112],[-115.2723,32.3855],[-115.2729,32.3837],[-115.2708,32.3755],[-115.2659,32.3712],[-115.2659,32.3704],[-115.2676,32.3683],[-115.2663,32.365],[-115.2673,32.3614],[-115.2717,32.3573],[-115.2721,32.3561],[-115.2733,32.3557],[-115.2753,32.3535],[-115.2776,32.3521],[-115.2823,32.3508],[-115.2841,32.3483],[-115.2864,32.3474],[-115.2863,32.3362],[-115.2859,32.3349],[-115.2879,32.3307],[-115.2891,32.3247],[-115.2911,32.3219],[-115.2912,32.3026],[-115.2801,32.3023],[-115.2804,32.3011],[-115.2785,32.2977],[-115.275,32.2948],[-115.2762,32.2925],[-115.2688,32.2962],[-115.2664,32.2981],[-115.2522,32.2963],[-115.2477,32.298],[-115.2425,32.3046],[-115.2427,32.3071],[-115.2384,32.3132],[-115.1913,32.3132],[-115.1913,32.3248],[-115.1873,32.3249],[-115.1706,32.3365],[-115.1492,32.3611],[-115.1679,32.3724],[-115.1702,32.3717],[-115.1698,32.3961],[-115.1641,32.4027]]]]}},{"type":"Feature","properties":{"cp":21020},"geometry":{"type":"MultiPolygon","coordinates":[[[[-115.4525,32.6529],[-115.4525,32.6572],[-115.4591,32.6567],[-115.4588,32.6538],[-115.4611,32.6537],[-115.4609,32.6518],[-115.4574,32.652],[-115.4574,32.6525],[-115.4565,32.6528],[-115.4525,32.6529]]]]}},{"type":"Feature","properties":{"cp":21961},"geometry":{"type":"MultiPolygon","coordinates":[[[[-114.8317,32.586],[-114.8461,32.5927],[-114.8428,32.5983],[-114.846,32.5994],[-114.8473,32.5971],[-114.8499,32.5986],[-114.851,32.5962],[-114.8545,32.5962],[-114.8574,32.5938],[-114.8594,32.5936],[-114.8615,32.5901],[-114.861,32.5846],[-114.8616,32.5843],[-114.8615,32.5737],[-114.8586,32.5736],[-114.864,32.5646],[-114.8434,32.5354],[-114.8352,32.5393],[-114.8317,32.586]]]]}},{"type":"Feature","properties":{"cp":21137},"geometry":{"type":"MultiPolygon","coordinates":[[[[-115.5194,32.6624],[-115.5257,32.661],[-115.5309,32.6612],[-115.5483,32.6599],[-115.5489,32.6611],[-115.5566,32.6605],[-115.5565,32.6557],[-115.5603,32.6557],[-115.5602,32.6466],[-115.5552,32.6465],[-115.5552,32.6507],[-115.551,32.6507],[-115.551,32.6465],[-115.519,32.6469],[-115.5185,32.6471],[-115.5193,32.6471],[-115.5193,32.6477],[-115.5226,32.6477],[-115.5226,32.6505],[-115.519,32.6504],[-115.5194,32.6624]]]]}},{"type":"Feature","properties":{"cp":21120},"geometry":{"type":"MultiPolygon","coordinates":[[[[-115.5057,32.6473],[-115.5018,32.6475],[-115.5018,32.6496],[-115.4992,32.6496],[-115.4992,32.6507],[-115.498,32.6507],[-115.498,32.6518],[-115.4967,32.6518],[-115.4967,32.6529],[-115.488,32.653],[-115.4888,32.6542],[-115.4877,32.6551],[-115.4878,32.656],[-115.4889,32.6561],[-115.489,32.6578],[-115.4902,32.6578],[-115.4903,32.6584],[-115.4916,32.6581],[-115.4956,32.6626],[-115.4964,32.664],[-115.4959,32.6642],[-115.4971,32.665],[-115.5056,32.6643],[-115.5057,32.6473]]]]}},{"type":"Feature","properties":{"cp":21300},"geometry":{"type":"MultiPolygon","coordinates":[[[[-115.5054,32.614],[-115.4988,32.614],[-115.4988,32.6213],[-115.5027,32.6208],[-115.5027,32.6202],[-115.5054,32.6208],[-115.5054,32.614]]]]}},{"type":"Feature","properties":{"cp":21309},"geometry":{"type":"MultiPolygon","coordinates":[[[[-115.5054,32.6208],[-115.5027,32.6202],[-115.5027,32.6208],[-115.4988,32.6213],[-115.4989,32.6237],[-115.5051,32.6236],[-115.5054,32.6208]]]]}},{"type":"Feature","properties":{"cp":21964},"geometry":{"type":"MultiPolygon","coordinates":[[[[-114.8296,32.6144],[-114.8391,32.614],[-114.8575,32.6098],[-114.8574,32.5942],[-114.8545,32.5962],[-114.851,32.5962],[-114.8499,32.5986],[-114.8473,32.5971],[-114.846,32.5994],[-114.8428,32.5983],[-114.8461,32.5927],[-114.8317,32.586],[-114.8296,32.6144]]]]}},{"type":"Feature","properties":{"cp":21160},"geometry":{"type":"MultiPolygon","coordinates":[[[[-115.5101,32.638],[-115.5101,32.6417],[-115.5057,32.6417],[-115.5057,32.6473],[-115.5276,32.6467],[-115.5273,32.6309],[-115.5228,32.6308],[-115.5227,32.6424],[-115.5184,32.6424],[-115.5183,32.631],[-115.5101,32.631],[-115.5101,32.638]]]]}},{"type":"Feature","properties":{"cp":21307},"geometry":{"type":"MultiPolygon","coordinates":[[[[-115.4952,32.614],[-115.4951,32.6155],[-115.4908,32.6237],[-115.4989,32.6237],[-115.4988,32.614],[-115.4952,32.614]]]]}},{"type":"Feature","properties":{"cp":21090},"geometry":{"type":"MultiPolygon","coordinates":[[[[-115.4525,32.6244],[-115.4624,32.6323],[-115.4651,32.6355],[-115.472,32.6297],[-115.4743,32.6299],[-115.4749,32.6292],[-115.4778,32.6296],[-115.478,32.6291],[-115.4737,32.6285],[-115.4695,32.6238],[-115.4606,32.624],[-115.4597,32.6229],[-115.4578,32.623],[-115.4563,32.6212],[-115.4525,32.6244]]]]}},{"type":"Feature","properties":{"cp":21285},"geometry":{"type":"MultiPolygon","coordinates":[[[[-115.4428,32.6287],[-115.4428,32.6307],[-115.4458,32.6305],[-115.4436,32.6245],[-115.4428,32.6246],[-115.4428,32.6287]]]]}},{"type":"Feature","properties":{"cp":21257},"geometry":{"type":"MultiPolygon","coordinates":[[[[-115.414,32.636],[-115.4139,32.6378],[-115.4185,32.6381],[-115.4185,32.636],[-115.414,32.636]]]]}},{"type":"Feature","properties":{"cp":21389},"geometry":{"type":"MultiPolygon","coordinates":[[[[-115.4689,32.6238],[-115.4597,32.6124],[-115.4507,32.6105],[-115.4491,32.6095],[-115.448,32.607],[-115.438,32.6095],[-115.4385,32.6107],[-115.4399,32.6095],[-115.4408,32.6102],[-115.4412,32.6098],[-115.4457,32.6139],[-115.4408,32.614],[-115.4393,32.6128],[-115.4399,32.6139],[-115.4525,32.6244],[-115.4563,32.6212],[-115.4578,32.623],[-115.4597,32.6229],[-115.4606,32.624],[-115.4689,32.6238]]]]}},{"type":"Feature","properties":{"cp":21394},"geometry":{"type":"MultiPolygon","coordinates":[[[[-115.411,32.605],[-115.4111,32.6143],[-115.4189,32.6144],[-115.4185,32.6063],[-115.4211,32.605],[-115.4256,32.6052],[-115.4252,32.6014],[-115.4191,32.5981],[-115.4109,32.5951],[-115.411,32.605]]]]}},{"type":"Feature","properties":{"cp":21360},"geometry":{"type":"MultiPolygon","coordinates":[[[[-115.4436,32.6245],[-115.4525,32.6244],[-115.4399,32.6139],[-115.4415,32.6186],[-115.4338,32.6188],[-115.4342,32.6287],[-115.4428,32.6287],[-115.4428,32.6246],[-115.4436,32.6245]]]]}},{"type":"Feature","properties":{"cp":21220},"geometry":{"type":"MultiPolygon","coordinates":[[[[-115.4066,32.6691],[-115.4089,32.6689],[-115.4089,32.666],[-115.4171,32.6675],[-115.417,32.6669],[-115.4109,32.6658],[-115.4104,32.6607],[-115.415,32.661],[-115.415,32.6606],[-115.3855,32.6582],[-115.3834,32.6584],[-115.3806,32.6601],[-115.3791,32.6619],[-115.3782,32.6616],[-115.3777,32.6622],[-115.3948,32.6635],[-115.4066,32.6656],[-115.4066,32.6691]],[[-115.3952,32.663],[-115.3863,32.6624],[-115.3868,32.6589],[-115.3958,32.6595],[-115.3952,32.663]]]]}},{"type":"Feature","properties":{"cp":21387},"geometry":{"type":"MultiPolygon","coordinates":[[[[-115.4268,32.5689],[-115.4269,32.57],[-115.4256,32.5721],[-115.4276,32.5735],[-115.4294,32.5738],[-115.4276,32.5774],[-115.4258,32.577],[-115.434,32.5989],[-115.4355,32.599],[-115.4421,32.6029],[-115.4444,32.6035],[-115.449,32.6019],[-115.4521,32.5989],[-115.4552,32.5969],[-115.4621,32.5942],[-115.4631,32.5914],[-115.4623,32.5881],[-115.4579,32.5849],[-115.4558,32.5806],[-115.4571,32.5796],[-115.4578,32.5774],[-115.4588,32.5767],[-115.4576,32.5758],[-115.4576,32.575],[-115.4607,32.5726],[-115.4613,32.5708],[-115.4638,32.5701],[-115.4623,32.5685],[-115.4637,32.5672],[-115.463,32.5656],[-115.4388,32.5657],[-115.4352,32.5609],[-115.4332,32.5608],[-115.4325,32.5634],[-115.4275,32.5668],[-115.4268,32.5689]]]]}},{"type":"Feature","properties":{"cp":21617},"geometry":{"type":"MultiPolygon","coordinates":[[[[-115.6084,32.5626],[-115.6112,32.5665],[-115.6277,32.5806],[-115.6443,32.5866],[-115.6479,32.589],[-115.6523,32.5938],[-115.654,32.6013],[-115.6734,32.6517],[-115.7064,32.6493],[-115.7066,32.6478],[-115.7038,32.6412],[-115.7043,32.6376],[-115.7078,32.6329],[-115.7077,32.628],[-115.7106,32.6211],[-115.7118,32.6195],[-115.7165,32.6177],[-115.7181,32.6161],[-115.7168,32.6085],[-115.7175,32.6056],[-115.7186,32.6032],[-115.7206,32.6007],[-115.7217,32.5983],[-115.723,32.5914],[-115.7267,32.5849],[-115.7252,32.5767],[-115.7217,32.5729],[-115.718,32.5705],[-115.7103,32.5687],[-115.7069,32.5633],[-115.7027,32.5609],[-115.6915,32.563],[-115.6892,32.5628],[-115.6873,32.5615],[-115.6852,32.5584],[-115.6826,32.5576],[-115.6782,32.5582],[-115.6742,32.5604],[-115.6712,32.5598],[-115.6701,32.5586],[-115.6629,32.5578],[-115.6617,32.5556],[-115.6581,32.5553],[-115.6538,32.5518],[-115.6515,32.5445],[-115.6498,32.5426],[-115.6493,32.5409],[-115.6486,32.5405],[-115.6464,32.5411],[-115.6444,32.5393],[-115.6424,32.5415],[-115.6418,32.5486],[-115.6401,32.551],[-115.6371,32.5514],[-115.6352,32.5527],[-115.6331,32.5529],[-115.6321,32.5523],[-115.6303,32.553],[-115.6283,32.5524],[-115.6234,32.554],[-115.6211,32.5536],[-115.6182,32.5572],[-115.6084,32.5626]]]]}},{"type":"Feature","properties":{"cp":21746},"geometry":{"type":"MultiPolygon","coordinates":[[[[-115.5071,32.407],[-115.5097,32.4093],[-115.5103,32.4123],[-115.5118,32.414],[-115.5231,32.4189],[-115.5305,32.4207],[-115.5325,32.4226],[-115.5329,32.4257],[-115.5371,32.4272],[-115.5416,32.4344],[-115.5449,32.4356],[-115.5487,32.4357],[-115.5524,32.4388],[-115.5531,32.4401],[-115.5517,32.4446],[-115.5519,32.4463],[-115.5549,32.4484],[-115.5563,32.4506],[-115.5604,32.4545],[-115.5605,32.4577],[-115.5615,32.46],[-115.5613,32.4625],[-115.5633,32.4645],[-115.5648,32.4675],[-115.5714,32.4705],[-115.5778,32.4752],[-115.5803,32.4757],[-115.5828,32.4747],[-115.5853,32.4749],[-115.5878,32.4772],[-115.5877,32.4798],[-115.5915,32.4847],[-115.5939,32.4859],[-115.5968,32.4861],[-115.5996,32.4899],[-115.6029,32.4904],[-115.6035,32.4929],[-115.6024,32.4949],[-115.6016,32.5002],[-115.5997,32.5023],[-115.5997,32.5033],[-115.6002,32.5044],[-115.6021,32.505],[-115.6037,32.5064],[-115.605,32.5118],[-115.6072,32.5134],[-115.61,32.5142],[-115.6125,32.516],[-115.6164,32.5162],[-115.6198,32.5178],[-115.6213,32.5228],[-115.6268,32.5277],[-115.632,32.5272],[-115.6347,32.5262],[-115.6405,32.5273],[-115.6412,32.528],[-115.6425,32.5322],[-115.6421,32.535],[-115.6428,32.537],[-115.6457,32.5409],[-115.647,32.5412],[-115.6486,32.5405],[-115.6493,32.5409],[-115.6498,32.5426],[-115.6515,32.5445],[-115.6523,32.5481],[-115.6532,32.5491],[-115.6535,32.5511],[-115.6543,32.5525],[-115.6581,32.5553],[-115.6617,32.5556],[-115.6629,32.5578],[-115.6701,32.5586],[-115.6708,32.5596],[-115.6723,32.56],[-115.6753,32.5601],[-115.6782,32.5582],[-115.6826,32.5576],[-115.6852,32.5584],[-115.6873,32.5615],[-115.6892,32.5628],[-115.6915,32.563],[-115.7027,32.5609],[-115.7069,32.5633],[-115.7103,32.5687],[-115.718,32.5705],[-115.7217,32.5729],[-115.7252,32.5767],[-115.7267,32.5849],[-115.723,32.5914],[-115.7217,32.5983],[-115.7206,32.6007],[-115.7186,32.6032],[-115.7175,32.6056],[-115.7168,32.6085],[-115.7181,32.6161],[-115.7165,32.6177],[-115.7118,32.6195],[-115.7106,32.6211],[-115.7077,32.628],[-115.7078,32.6329],[-115.7043,32.6376],[-115.7038,32.6393],[-115.7038,32.6412],[-115.7066,32.6478],[-115.7064,32.6493],[-115.8793,32.6361],[-115.8822,32.5933],[-115.8747,32.3989],[-115.8692,32.4015],[-115.8604,32.4038],[-115.8603,32.4057],[-115.8585,32.4063],[-115.8546,32.4048],[-115.8515,32.4047],[-115.8457,32.4072],[-115.8441,32.4059],[-115.8415,32.4064],[-115.8396,32.4051],[-115.8368,32.4045],[-115.8245,32.405],[-115.8207,32.4038],[-115.8093,32.4036],[-115.8019,32.4053],[-115.7855,32.4105],[-115.7748,32.415],[-115.7675,32.4157],[-115.7583,32.4148],[-115.751,32.4182],[-115.7477,32.4181],[-115.7415,32.4119],[-115.7349,32.3984],[-115.7298,32.3932],[-115.728,32.3927],[-115.7221,32.3932],[-115.7182,32.392],[-115.7041,32.3835],[-115.6963,32.3724],[-115.6942,32.3712],[-115.6868,32.3694],[-115.6784,32.3703],[-115.6731,32.3718],[-115.6684,32.3754],[-115.6665,32.3761],[-115.6611,32.3764],[-115.6497,32.3732],[-115.6448,32.37],[-115.6423,32.3691],[-115.6384,32.369],[-115.6346,32.3696],[-115.6302,32.3719],[-115.6167,32.3882],[-115.6144,32.3901],[-115.6074,32.3932],[-115.594,32.3959],[-115.5756,32.3948],[-115.5712,32.3951],[-115.5652,32.3971],[-115.5514,32.398],[-115.5484,32.3992],[-115.5406,32.3977],[-115.5368,32.3977],[-115.5323,32.3996],[-115.5299,32.402],[-115.5282,32.4008],[-115.5264,32.4006],[-115.526,32.4019],[-115.5237,32.4024],[-115.5223,32.4016],[-115.5218,32.4028],[-115.5188,32.4036],[-115.5172,32.4028],[-115.5146,32.404],[-115.5125,32.4035],[-115.5107,32.4042],[-115.5105,32.4054],[-115.5071,32.407]]]]}},{"type":"Feature","properties":{"cp":21383},"geometry":{"type":"MultiPolygon","coordinates":[[[[-115.4258,32.577],[-115.4178,32.5555],[-115.4169,32.5557],[-115.4146,32.5567],[-115.4129,32.564],[-115.4023,32.5846],[-115.408,32.5851],[-115.4188,32.5898],[-115.425,32.5913],[-115.429,32.5938],[-115.4316,32.5974],[-115.434,32.5989],[-115.4258,32.577]]]]}},{"type":"Feature","properties":{"cp":21370},"geometry":{"type":"MultiPolygon","coordinates":[[[[-115.4397,32.6139],[-115.4386,32.6144],[-115.4316,32.6144],[-115.4316,32.6139],[-115.4221,32.6144],[-115.4188,32.6192],[-115.4188,32.6249],[-115.434,32.6247],[-115.4338,32.6188],[-115.4415,32.6186],[-115.4397,32.6139]]]]}},{"type":"Feature","properties":{"cp":21396},"geometry":{"type":"MultiPolygon","coordinates":[[[[-115.3796,32.6058],[-115.3841,32.6087],[-115.3848,32.6079],[-115.3859,32.6086],[-115.388,32.6064],[-115.3888,32.607],[-115.3888,32.604],[-115.3928,32.6041],[-115.3929,32.6012],[-115.3941,32.6012],[-115.3941,32.5987],[-115.3889,32.5987],[-115.3889,32.5969],[-115.3856,32.5969],[-115.3853,32.6022],[-115.3866,32.6035],[-115.3847,32.6042],[-115.3826,32.6065],[-115.3803,32.605],[-115.3796,32.6058]]]]}},{"type":"Feature","properties":{"cp":21138},"geometry":{"type":"MultiPolygon","coordinates":[[[[-115.5566,32.6605],[-115.5738,32.6592],[-115.5744,32.6283],[-115.5739,32.628],[-115.5738,32.6138],[-115.5603,32.6138],[-115.5603,32.6307],[-115.5545,32.6307],[-115.5545,32.6404],[-115.553,32.6404],[-115.5532,32.6465],[-115.551,32.6465],[-115.551,32.6507],[-115.5552,32.6507],[-115.5552,32.6465],[-115.5602,32.6466],[-115.5603,32.6557],[-115.5565,32.6557],[-115.5566,32.6605]]]]}},{"type":"Feature","properties":{"cp":21259},"geometry":{"type":"MultiPolygon","coordinates":[[[[-115.4183,32.6424],[-115.4138,32.6424],[-115.4139,32.6451],[-115.4177,32.6451],[-115.4183,32.6424]]]]}},{"type":"Feature","properties":{"cp":21165},"geometry":{"type":"MultiPolygon","coordinates":[[[[-115.5273,32.6309],[-115.5289,32.6309],[-115.5287,32.6255],[-115.52,32.6255],[-115.5196,32.6259],[-115.5196,32.6307],[-115.5183,32.631],[-115.5184,32.6424],[-115.5227,32.6424],[-115.5228,32.6308],[-115.5273,32.6309]]]]}},{"type":"Feature","properties":{"cp":21386},"geometry":{"type":"MultiPolygon","coordinates":[[[[-115.463,32.5656],[-115.4627,32.5649],[-115.4645,32.5622],[-115.4623,32.5579],[-115.4627,32.5563],[-115.4614,32.5553],[-115.4612,32.5543],[-115.4353,32.5544],[-115.4353,32.5493],[-115.4121,32.5501],[-115.414,32.5564],[-115.4146,32.5567],[-115.4178,32.5555],[-115.4258,32.577],[-115.4276,32.5774],[-115.4294,32.5738],[-115.4276,32.5735],[-115.4256,32.5721],[-115.4269,32.57],[-115.4268,32.5677],[-115.4325,32.5634],[-115.4332,32.5608],[-115.4352,32.5609],[-115.4388,32.5657],[-115.463,32.5656]]]]}},{"type":"Feature","properties":{"cp":21190},"geometry":{"type":"MultiPolygon","coordinates":[[[[-115.5098,32.6163],[-115.518,32.616],[-115.518,32.618],[-115.5194,32.618],[-115.5194,32.6255],[-115.5287,32.6255],[-115.5289,32.6309],[-115.5603,32.6307],[-115.5603,32.6138],[-115.5371,32.6139],[-115.5352,32.6147],[-115.5156,32.6134],[-115.5098,32.6163]]]]}},{"type":"Feature","properties":{"cp":21310},"geometry":{"type":"MultiPolygon","coordinates":[[[[-115.4939,32.614],[-115.4938,32.6155],[-115.4929,32.6165],[-115.492,32.6191],[-115.4901,32.6204],[-115.4892,32.6237],[-115.4908,32.6237],[-115.4951,32.6155],[-115.4952,32.614],[-115.4939,32.614]]]]}},{"type":"Feature","properties":{"cp":21188},"geometry":{"type":"MultiPolygon","coordinates":[[[[-115.5077,32.625],[-115.5139,32.6247],[-115.5151,32.6254],[-115.5194,32.6255],[-115.5194,32.618],[-115.518,32.618],[-115.518,32.616],[-115.5098,32.6163],[-115.5074,32.6177],[-115.5056,32.6208],[-115.5107,32.6207],[-115.5106,32.6222],[-115.5077,32.6234],[-115.5076,32.6245],[-115.5066,32.6245],[-115.5066,32.625],[-115.5077,32.625]]]]}},{"type":"Feature","properties":{"cp":21627},"geometry":{"type":"MultiPolygon","coordinates":[[[[-115.2159,32.4999],[-115.2154,32.5318],[-115.2541,32.5319],[-115.2544,32.5031],[-115.2538,32.5003],[-115.2159,32.4999]]]]}},{"type":"Feature","properties":{"cp":21801},"geometry":{"type":"MultiPolygon","coordinates":[[[[-115.0239,32.1944],[-115.0245,32.1955],[-115.0241,32.1985],[-115.0121,32.2095],[-115.042,32.233],[-115.0456,32.2412],[-115.0471,32.2431],[-115.053,32.2452],[-115.0542,32.2403],[-115.0539,32.2388],[-115.055,32.2371],[-115.0579,32.2247],[-115.0612,32.2222],[-115.0706,32.2184],[-115.0705,32.2161],[-115.0694,32.2139],[-115.0717,32.213],[-115.0716,32.2112],[-115.0723,32.2105],[-115.0744,32.2105],[-115.0767,32.2096],[-115.0783,32.2055],[-115.0819,32.2027],[-115.0858,32.1913],[-115.089,32.1864],[-115.0936,32.1821],[-115.0929,32.181],[-115.0931,32.1795],[-115.0928,32.1789],[-115.0821,32.1784],[-115.0819,32.1845],[-115.0411,32.1844],[-115.0371,32.1861],[-115.0332,32.1914],[-115.0239,32.1944]]]]}},{"type":"Feature","properties":{"cp":21905},"geometry":{"type":"MultiPolygon","coordinates":[[[[-114.9285,32.5276],[-114.9168,32.5297],[-114.9214,32.5357],[-114.9208,32.537],[-114.914,32.5409],[-114.9122,32.5426],[-114.9098,32.5433],[-114.9092,32.5426],[-114.9092,32.5482],[-114.9033,32.5481],[-114.9034,32.5536],[-114.9047,32.5554],[-114.9038,32.5563],[-114.9031,32.5588],[-114.9025,32.5594],[-114.9008,32.5595],[-114.9005,32.561],[-114.8928,32.5615],[-114.8929,32.5627],[-114.8947,32.5645],[-114.8937,32.5649],[-114.8898,32.5634],[-114.8877,32.5644],[-114.8739,32.5644],[-114.8739,32.5668],[-114.8639,32.5647],[-114.8586,32.5736],[-114.914,32.5752],[-114.9137,32.581],[-114.9112,32.5831],[-114.909,32.584],[-114.909,32.5949],[-114.9258,32.5863],[-114.9264,32.587],[-114.9264,32.5941],[-114.9404,32.5889],[-114.9433,32.5828],[-114.9601,32.5743],[-114.9636,32.574],[-114.9646,32.5724],[-114.9644,32.5706],[-114.9688,32.5702],[-114.9776,32.5708],[-114.9779,32.542],[-114.9285,32.5276]]]]}},{"type":"Feature","properties":{"cp":21843},"geometry":{"type":"MultiPolygon","coordinates":[[[[-114.9225,32.5256],[-114.8858,32.5148],[-114.8834,32.5227],[-114.8825,32.5241],[-114.8792,32.5265],[-114.8866,32.5364],[-114.8778,32.5441],[-114.8817,32.5499],[-114.8666,32.5596],[-114.8635,32.564],[-114.8639,32.5647],[-114.8739,32.5668],[-114.8739,32.5644],[-114.8877,32.5644],[-114.8898,32.5634],[-114.8937,32.5649],[-114.8947,32.5645],[-114.8929,32.5627],[-114.8928,32.5615],[-114.9005,32.561],[-114.9008,32.5595],[-114.9025,32.5594],[-114.9031,32.5588],[-114.9038,32.5563],[-114.9047,32.5554],[-114.9034,32.5536],[-114.9033,32.5481],[-114.9092,32.5482],[-114.9092,32.5426],[-114.9098,32.5433],[-114.9122,32.5426],[-114.914,32.5409],[-114.9208,32.537],[-114.9214,32.5357],[-114.9168,32.5297],[-114.9285,32.5276],[-114.9225,32.5256]]]]}},{"type":"Feature","properties":{"cp":21950},"geometry":{"type":"MultiPolygon","coordinates":[[[[-114.8635,32.564],[-114.8666,32.5596],[-114.8817,32.5499],[-114.8778,32.5441],[-114.8866,32.5364],[-114.8792,32.5265],[-114.8825,32.5241],[-114.8834,32.5227],[-114.8858,32.5148],[-114.857,32.5062],[-114.85,32.5059],[-114.8479,32.5048],[-114.8455,32.5077],[-114.8357,32.536],[-114.8352,32.5393],[-114.8434,32.5354],[-114.8635,32.564]]]]}},{"type":"Feature","properties":{"cp":21280},"geometry":{"type":"MultiPolygon","coordinates":[[[[-115.4525,32.6244],[-115.4436,32.6245],[-115.4458,32.6305],[-115.4479,32.6302],[-115.448,32.6345],[-115.4428,32.6345],[-115.4428,32.6387],[-115.4415,32.6392],[-115.4525,32.6388],[-115.4523,32.6282],[-115.4526,32.6269],[-115.4533,32.6271],[-115.4537,32.6252],[-115.4525,32.6244]]]]}},{"type":"Feature","properties":{"cp":21398},"geometry":{"type":"MultiPolygon","coordinates":[[[[-115.4109,32.5951],[-115.4048,32.593],[-115.405,32.6007],[-115.3994,32.6007],[-115.3993,32.6048],[-115.411,32.605],[-115.4109,32.5951]]]]}},{"type":"Feature","properties":{"cp":21240},"geometry":{"type":"MultiPolygon","coordinates":[[[[-115.4119,32.6524],[-115.412,32.6545],[-115.4227,32.6604],[-115.4288,32.6597],[-115.4287,32.6586],[-115.4433,32.6579],[-115.4433,32.6565],[-115.4405,32.6565],[-115.4405,32.6487],[-115.4344,32.6439],[-115.4279,32.6442],[-115.4285,32.6531],[-115.4179,32.6536],[-115.4179,32.6521],[-115.4119,32.6524]]]]}},{"type":"Feature","properties":{"cp":21930},"geometry":{"type":"MultiPolygon","coordinates":[[[[-114.9963,32.5898],[-114.9948,32.5898],[-114.9826,32.5939],[-114.9782,32.598],[-114.9372,32.6124],[-114.9287,32.6144],[-114.91,32.621],[-114.9119,32.6245],[-114.9167,32.6282],[-114.9208,32.6298],[-114.9192,32.6303],[-114.9193,32.6317],[-114.9209,32.6316],[-114.9206,32.6335],[-114.9223,32.6333],[-114.9253,32.6341],[-114.9273,32.6355],[-114.9295,32.6387],[-114.9351,32.6399],[-114.9396,32.6432],[-114.9424,32.6438],[-114.9438,32.6425],[-114.9441,32.6393],[-114.9469,32.6363],[-114.9468,32.6348],[-114.9452,32.6328],[-114.9453,32.631],[-114.9459,32.6287],[-114.948,32.6265],[-114.9506,32.6264],[-114.9527,32.6295],[-114.9541,32.6296],[-114.9549,32.6289],[-114.9547,32.6273],[-114.9554,32.6267],[-114.9587,32.6278],[-114.96,32.6275],[-114.9602,32.6258],[-114.9629,32.6237],[-114.9626,32.6216],[-114.9617,32.6205],[-114.9621,32.6199],[-114.9651,32.6211],[-114.9677,32.6199],[-114.9724,32.6203],[-114.9797,32.6146],[-114.9984,32.6145],[-114.9985,32.6101],[-115.0013,32.6051],[-115.0008,32.6051],[-115.0001,32.5999],[-114.9991,32.5923],[-114.9997,32.5921],[-114.9986,32.5907],[-114.9969,32.5906],[-114.9963,32.5898]]]]}},{"type":"Feature","properties":{"cp":21140},"geometry":{"type":"MultiPolygon","coordinates":[[[[-115.5028,32.6426],[-115.5035,32.6442],[-115.5044,32.6442],[-115.5044,32.6452],[-115.5057,32.6458],[-115.5056,32.6409],[-115.5032,32.641],[-115.5028,32.6426]]],[[[-115.5054,32.6472],[-115.5018,32.6421],[-115.4852,32.642],[-115.4853,32.641],[-115.4827,32.6409],[-115.4816,32.642],[-115.4809,32.6457],[-115.481,32.6473],[-115.4819,32.6486],[-115.4864,32.651],[-115.488,32.653],[-115.4967,32.6529],[-115.4967,32.6518],[-115.498,32.6518],[-115.498,32.6507],[-115.4992,32.6507],[-115.4992,32.6496],[-115.5018,32.6496],[-115.5018,32.6475],[-115.5054,32.6472]]]]}},{"type":"Feature","properties":{"cp":21921},"geometry":{"type":"MultiPolygon","coordinates":[[[[-114.9878,32.6146],[-114.9795,32.6147],[-114.9724,32.6203],[-114.9677,32.6199],[-114.9651,32.6211],[-114.9621,32.6199],[-114.9617,32.6205],[-114.9626,32.6216],[-114.9629,32.6237],[-114.9602,32.6258],[-114.96,32.6275],[-114.9587,32.6278],[-114.9554,32.6267],[-114.9547,32.6273],[-114.9549,32.6289],[-114.9541,32.6296],[-114.9527,32.6295],[-114.9511,32.6268],[-114.9499,32.6262],[-114.948,32.6265],[-114.9459,32.6287],[-114.9452,32.6328],[-114.9468,32.6348],[-114.9469,32.6363],[-114.9441,32.6393],[-114.9435,32.6431],[-114.9424,32.6438],[-114.9396,32.6432],[-114.9393,32.6492],[-114.9393,32.6628],[-114.9423,32.6745],[-114.9447,32.7037],[-115.0102,32.6992],[-115.0105,32.6842],[-115.0094,32.677],[-115.0069,32.6708],[-115.006,32.6651],[-115.005,32.664],[-115.0063,32.6624],[-115.0086,32.6633],[-115.01,32.6628],[-115.0122,32.6598],[-115.0163,32.657],[-115.0186,32.651],[-115.019,32.6474],[-115.0137,32.6389],[-115.0141,32.6352],[-115.0118,32.635],[-115.0113,32.6332],[-115.0081,32.6343],[-114.9875,32.6346],[-114.9878,32.6146]]]]}},{"type":"Feature","properties":{"cp":21960},"geometry":{"type":"MultiPolygon","coordinates":[[[[-114.8247,32.6204],[-114.8242,32.6408],[-114.8253,32.6414],[-114.8254,32.6422],[-114.8286,32.6407],[-114.8425,32.6374],[-114.8424,32.6368],[-114.8448,32.6362],[-114.8453,32.6366],[-114.8464,32.6409],[-114.8511,32.6397],[-114.8519,32.6407],[-114.854,32.64],[-114.8536,32.6381],[-114.855,32.6378],[-114.8554,32.6393],[-114.8656,32.6363],[-114.8762,32.6316],[-114.8879,32.6287],[-114.9287,32.6144],[-114.915,32.6148],[-114.9115,32.6141],[-114.8814,32.6141],[-114.8744,32.6118],[-114.8575,32.6098],[-114.8391,32.614],[-114.8296,32.6144],[-114.8286,32.6175],[-114.8247,32.6204]]]]}},{"type":"Feature","properties":{"cp":21399},"geometry":{"type":"MultiPolygon","coordinates":[[[[-115.411,32.605],[-115.3993,32.6048],[-115.3995,32.5911],[-115.3892,32.5875],[-115.389,32.5949],[-115.3942,32.595],[-115.3941,32.6012],[-115.3929,32.6012],[-115.3928,32.6041],[-115.3888,32.604],[-115.3888,32.607],[-115.388,32.6064],[-115.3859,32.6086],[-115.3848,32.6079],[-115.3841,32.6087],[-115.3787,32.6052],[-115.3772,32.6057],[-115.3636,32.6063],[-115.3702,32.6064],[-115.3738,32.6112],[-115.3736,32.6141],[-115.4111,32.6143],[-115.411,32.605]]]]}},{"type":"Feature","properties":{"cp":21100},"geometry":{"type":"MultiPolygon","coordinates":[[[[-115.4526,32.6673],[-115.4525,32.6682],[-115.4971,32.6649],[-115.4959,32.6642],[-115.4964,32.664],[-115.4956,32.6626],[-115.4916,32.6581],[-115.4903,32.6584],[-115.4902,32.6578],[-115.489,32.6578],[-115.4889,32.6561],[-115.488,32.6561],[-115.4877,32.6551],[-115.4864,32.6556],[-115.4851,32.6579],[-115.4826,32.6604],[-115.4778,32.6611],[-115.4713,32.6563],[-115.4672,32.6566],[-115.4671,32.6561],[-115.4658,32.6562],[-115.4658,32.6552],[-115.4613,32.6556],[-115.4614,32.6565],[-115.4525,32.6572],[-115.4526,32.6673]]]]}},{"type":"Feature","properties":{"cp":21833},"geometry":{"type":"MultiPolygon","coordinates":[[[[-114.9815,32.4255],[-114.9848,32.4216],[-114.9796,32.4187],[-114.9807,32.4175],[-114.9615,32.4115],[-114.9586,32.4145],[-114.9543,32.4144],[-114.9483,32.4193],[-114.9459,32.4222],[-114.9449,32.4262],[-114.9415,32.4311],[-114.9372,32.4353],[-114.9325,32.4385],[-114.9316,32.4426],[-114.9332,32.4445],[-114.9359,32.4533],[-114.9384,32.4576],[-114.9378,32.4612],[-114.9394,32.4684],[-114.9392,32.4743],[-114.9368,32.4775],[-114.9354,32.4814],[-114.9324,32.4836],[-114.9328,32.4862],[-114.9365,32.4842],[-114.9426,32.4763],[-114.9432,32.4706],[-114.9815,32.4255]]]]}},{"type":"Feature","properties":{"cp":21855},"geometry":{"type":"MultiPolygon","coordinates":[[[[-115.2928,31.7911],[-115.3119,31.8046],[-115.3833,31.7723],[-115.453,31.7282],[-115.5373,31.6698],[-115.5666,31.6434],[-115.6036,31.6244],[-115.5605,31.559],[-115.4637,31.4794],[-115.3946,30.9718],[-115.3226,31.0143],[-115.3161,31.0211],[-115.3129,31.0353],[-115.1941,31.0955],[-115.1946,31.1049],[-115.2041,31.1251],[-115.2091,31.1478],[-115.1429,31.1692],[-115.1185,31.2524],[-115.1174,31.296],[-115.0195,31.4271],[-115.0298,31.4484],[-115.0532,31.4405],[-115.0669,31.4691],[-115.0692,31.4752],[-115.0751,31.5611],[-115.072,31.6619],[-115.0723,31.675],[-115.0563,31.7125],[-115.1066,31.8055],[-115.1458,31.8247],[-115.1753,31.8457],[-115.1779,31.8487],[-115.1834,31.8328],[-115.1875,31.8303],[-115.2277,31.8176],[-115.2842,31.7963],[-115.2928,31.7911]]]]}},{"type":"Feature","properties":{"cp":21854},"geometry":{"type":"MultiPolygon","coordinates":[[[[-115.3946,30.9718],[-115.3425,30.815],[-115.3078,30.7724],[-115.2365,30.7721],[-115.2148,30.679],[-115.1563,30.6036],[-115.0964,30.5594],[-115.062,30.5621],[-115.0396,30.5724],[-115.0183,30.5379],[-115.0072,30.5161],[-115.0057,30.5052],[-115.0049,30.5041],[-115.0059,30.5013],[-115.0043,30.5001],[-115.0035,30.4971],[-115.0012,30.4964],[-115.0024,30.4941],[-115.0014,30.4935],[-115.0,30.487],[-114.996,30.4844],[-114.9933,30.4801],[-114.9846,30.4759],[-114.9788,30.4754],[-114.9689,30.4759],[-114.9609,30.4773],[-114.9525,30.477],[-114.9416,30.4787],[-114.9362,30.4803],[-114.9292,30.4872],[-114.924,30.4942],[-114.918,30.4984],[-114.9062,30.5009],[-114.899,30.5038],[-114.8923,30.5028],[-114.8864,30.5006],[-114.8803,30.4974],[-114.8507,30.4918],[-114.8478,30.4923],[-114.8429,30.4944],[-114.838,30.4951],[-114.8321,30.4938],[-114.8302,30.4943],[-114.8289,30.4957],[-114.8256,30.4957],[-114.8163,30.4976],[-114.8121,30.5002],[-114.8101,30.5004],[-114.8073,30.4994],[-114.801,30.4944],[-114.7904,30.4892],[-114.7863,30.4883],[-114.7811,30.4903],[-114.7792,30.4882],[-114.7781,30.4843],[-114.7767,30.4832],[-114.7699,30.4826],[-114.7679,30.4803],[-114.7678,30.4786],[-114.767,30.4776],[-114.7621,30.4777],[-114.7574,30.4767],[-114.7567,30.4731],[-114.7536,30.4726],[-114.7519,30.4701],[-114.7491,30.4688],[-114.7439,30.4709],[-114.7383,30.4714],[-114.7313,30.4677],[-114.7255,30.4676],[-114.7211,30.4686],[-114.7139,30.472],[-114.7078,30.4764],[-114.7014,30.48],[-114.6857,30.4831],[-114.6724,30.4824],[-114.6593,30.4779],[-114.6492,30.4756],[-114.6409,30.4746],[-114.6322,30.4758],[-114.6314,30.4771],[-114.6315,30.4844],[-114.6307,30.4887],[-114.6327,30.4926],[-114.6341,30.5011],[-114.6422,30.5166],[-114.6429,30.5193],[-114.6445,30.5201],[-114.649,30.5274],[-114.65,30.5324],[-114.6492,30.533],[-114.6498,30.5363],[-114.6488,30.5382],[-114.6507,30.5419],[-114.6516,30.545],[-114.651,30.5521],[-114.6523,30.5571],[-114.6564,30.5615],[-114.659,30.5655],[-114.6656,30.5782],[-114.6767,30.5872],[-114.6779,30.5891],[-114.6802,30.5935],[-114.6803,30.5964],[-114.6834,30.6005],[-114.6852,30.6062],[-114.6891,30.6118],[-114.6904,30.6165],[-114.6959,30.6239],[-114.6965,30.6265],[-114.6962,30.6272],[-114.698,30.6302],[-114.6988,30.6337],[-114.6967,30.6564],[-114.6935,30.671],[-114.6942,30.6774],[-114.6962,30.6859],[-114.6983,30.6908],[-114.6996,30.6978],[-114.7004,30.6996],[-114.7022,30.7009],[-114.7041,30.7037],[-114.7051,30.7129],[-114.7046,30.7191],[-114.7029,30.7232],[-114.6977,30.7337],[-114.6942,30.7396],[-114.6926,30.7412],[-114.6917,30.744],[-114.6921,30.7473],[-114.6941,30.7499],[-114.6935,30.7514],[-114.6928,30.7513],[-114.6937,30.7521],[-114.6936,30.7529],[-114.6922,30.7535],[-114.6943,30.7541],[-114.6946,30.7545],[-114.6936,30.7553],[-114.6946,30.7566],[-114.6962,30.7569],[-114.6983,30.7602],[-114.6984,30.7656],[-114.6999,30.7724],[-114.7,30.783],[-114.6992,30.7965],[-114.6971,30.812],[-114.6958,30.8173],[-114.6936,30.8193],[-114.6962,30.8188],[-114.6986,30.8206],[-114.7,30.8196],[-114.7016,30.8211],[-114.7039,30.8286],[-114.7046,30.836],[-114.7072,30.8385],[-114.7095,30.8431],[-114.7099,30.8449],[-114.7094,30.8497],[-114.7039,30.8631],[-114.704,30.8658],[-114.7056,30.8683],[-114.7058,30.8711],[-114.7048,30.879],[-114.7061,30.8791],[-114.7067,30.8827],[-114.7097,30.8874],[-114.711,30.8915],[-114.7099,30.9057],[-114.7133,30.9138],[-114.7147,30.9209],[-114.7178,30.925],[-114.718,30.9265],[-114.7173,30.928],[-114.7192,30.935],[-114.7203,30.937],[-114.7217,30.9369],[-114.7336,30.943],[-114.7347,30.9442],[-114.7346,30.9449],[-114.7367,30.946],[-114.7428,30.9483],[-114.7546,30.954],[-114.7673,30.9586],[-114.7719,30.9531],[-114.7894,30.9569],[-114.7885,30.9598],[-114.7891,30.9615],[-114.7962,30.9657],[-114.7989,30.9663],[-114.8085,30.966],[-114.8121,30.9675],[-114.8132,30.9719],[-114.8161,30.9742],[-114.8165,30.9758],[-114.8197,30.9768],[-114.8248,30.9826],[-114.832,30.988],[-114.8374,30.9904],[-114.8427,30.9897],[-114.863,30.9898],[-114.8632,30.9851],[-114.891,30.9856],[-114.8982,30.9867],[-114.9017,30.9919],[-114.9043,30.9917],[-114.9139,30.9968],[-114.9187,31.0045],[-114.9235,31.0152],[-114.9254,31.0225],[-114.9317,31.033],[-114.9315,31.0397],[-114.9429,31.0459],[-114.9484,31.0542],[-114.9745,31.0719],[-114.9786,31.0725],[-114.9874,31.0718],[-115.0082,31.064],[-115.011,31.0637],[-115.0414,31.054],[-115.0495,31.0503],[-115.0577,31.0456],[-115.0658,31.0395],[-115.0811,31.0336],[-115.0915,31.0333],[-115.0941,31.0305],[-115.0983,31.0275],[-115.1042,31.0244],[-115.1227,31.0222],[-115.1296,31.0208],[-115.1361,31.0233],[-115.1459,31.0258],[-115.1537,31.0255],[-115.1667,31.0286],[-115.1865,31.0319],[-115.2022,31.0372],[-115.2236,31.0531],[-115.2509,31.0668],[-115.3129,31.0353],[-115.3161,31.0211],[-115.3226,31.0143],[-115.3946,30.9718]]]]}},{"type":"Feature","properties":{"cp":21853},"geometry":{"type":"MultiPolygon","coordinates":[[[[-115.0195,31.4271],[-115.1174,31.296],[-115.1185,31.2524],[-115.1429,31.1692],[-115.2091,31.1478],[-115.2041,31.1251],[-115.1946,31.1049],[-115.1941,31.0955],[-115.2509,31.0668],[-115.2236,31.0531],[-115.2022,31.0372],[-115.1865,31.0319],[-115.1667,31.0286],[-115.1537,31.0255],[-115.1459,31.0258],[-115.1361,31.0233],[-115.1296,31.0208],[-115.1227,31.0222],[-115.1042,31.0244],[-115.0983,31.0275],[-115.0941,31.0305],[-115.0915,31.0333],[-115.0811,31.0336],[-115.0658,31.0395],[-115.0577,31.0456],[-115.0495,31.0503],[-115.0414,31.054],[-115.011,31.0637],[-115.0082,31.064],[-114.9874,31.0718],[-114.9786,31.0725],[-114.9752,31.0717],[-114.9669,31.074],[-114.9657,31.0749],[-114.9633,31.0754],[-114.9618,31.0749],[-114.8954,31.0973],[-114.8861,31.1021],[-114.8796,31.1042],[-114.8787,31.104],[-114.8771,31.1051],[-114.8842,31.1182],[-114.8864,31.1281],[-114.888,31.1424],[-114.8897,31.1436],[-114.8906,31.1503],[-114.8902,31.1708],[-114.886,31.1985],[-114.8837,31.2094],[-114.8855,31.214],[-114.8844,31.2219],[-114.8813,31.2339],[-114.8813,31.2364],[-114.8821,31.2525],[-114.883,31.2531],[-114.885,31.2593],[-114.8913,31.2636],[-114.8908,31.2647],[-114.892,31.2667],[-114.889,31.2689],[-114.8869,31.2774],[-114.8875,31.2838],[-114.8882,31.2845],[-114.8833,31.29],[-114.8811,31.2912],[-114.8793,31.2953],[-114.8796,31.2972],[-114.8822,31.3019],[-114.8837,31.3031],[-114.8814,31.3048],[-114.8807,31.3066],[-114.8809,31.3096],[-114.8822,31.3116],[-114.8813,31.314],[-114.8796,31.3356],[-114.8812,31.3487],[-114.8799,31.3501],[-114.8793,31.3524],[-114.8799,31.3575],[-114.8783,31.3635],[-114.8787,31.3824],[-114.8767,31.3854],[-114.9878,31.3616],[-115.0195,31.4271]]]]}},{"type":"Feature","properties":{"cp":21911},"geometry":{"type":"MultiPolygon","coordinates":[[[[-115.1552,32.5912],[-115.1601,32.5933],[-115.1639,32.593],[-115.1669,32.5918],[-115.1719,32.5919],[-115.1764,32.5933],[-115.1916,32.6017],[-115.1987,32.6086],[-115.2017,32.6103],[-115.2244,32.6099],[-115.2261,32.6104],[-115.2409,32.6105],[-115.2473,32.6067],[-115.2505,32.6026],[-115.2539,32.5996],[-115.2551,32.5961],[-115.2551,32.5933],[-115.2586,32.5889],[-115.2528,32.5775],[-115.253,32.5768],[-115.2372,32.5746],[-115.2306,32.5734],[-115.2309,32.5721],[-115.2067,32.5683],[-115.2057,32.5693],[-115.1913,32.5665],[-115.1747,32.5664],[-115.166,32.567],[-115.1655,32.5658],[-115.1018,32.5655],[-115.1027,32.5667],[-115.1337,32.583],[-115.1552,32.5912]]]]}},{"type":"Feature","properties":{"cp":21380},"geometry":{"type":"MultiPolygon","coordinates":[[[[-115.4385,32.6107],[-115.4393,32.6128],[-115.4408,32.614],[-115.4457,32.6139],[-115.4412,32.6098],[-115.4408,32.6102],[-115.4399,32.6095],[-115.4385,32.6107]]],[[[-115.4483,32.6058],[-115.447,32.6041],[-115.4469,32.6029],[-115.4444,32.6035],[-115.4424,32.603],[-115.4355,32.599],[-115.434,32.5989],[-115.438,32.6095],[-115.448,32.607],[-115.4483,32.6058]]]]}},{"type":"Feature","properties":{"cp":21904},"geometry":{"type":"MultiPolygon","coordinates":[[[[-115.0385,32.5715],[-115.0366,32.5673],[-115.0357,32.5675],[-115.0354,32.5629],[-115.0349,32.563],[-115.0349,32.5548],[-115.0398,32.554],[-115.0396,32.5449],[-115.0431,32.545],[-115.0435,32.5258],[-115.0253,32.5271],[-115.0248,32.53],[-115.0138,32.5463],[-115.0082,32.5665],[-115.0127,32.5708],[-115.009,32.5722],[-115.0151,32.5841],[-115.0229,32.5818],[-115.0385,32.5715]]]]}},{"type":"Feature","properties":{"cp":21297},"geometry":{"type":"MultiPolygon","coordinates":[[[[-115.4161,32.6341],[-115.4161,32.632],[-115.4176,32.6319],[-115.4175,32.6309],[-115.4187,32.6309],[-115.4188,32.6249],[-115.4144,32.6248],[-115.4139,32.6266],[-115.4093,32.6318],[-115.4107,32.6318],[-115.4106,32.6308],[-115.4117,32.6308],[-115.4117,32.6318],[-115.4141,32.6319],[-115.4142,32.6341],[-115.4161,32.6341]]]]}},{"type":"Feature","properties":{"cp":21397},"geometry":{"type":"MultiPolygon","coordinates":[[[[-115.4048,32.593],[-115.3995,32.5911],[-115.3994,32.6007],[-115.405,32.6007],[-115.4048,32.593]]]]}},{"type":"Feature","properties":{"cp":21965},"geometry":{"type":"MultiPolygon","coordinates":[[[[-114.8574,32.5942],[-114.8575,32.6098],[-114.8744,32.6118],[-114.8814,32.6141],[-114.909,32.6141],[-114.909,32.584],[-114.9112,32.5831],[-114.9137,32.581],[-114.914,32.5752],[-114.8615,32.5737],[-114.8616,32.5843],[-114.861,32.5846],[-114.8615,32.5901],[-114.8598,32.5931],[-114.8574,32.5942]]]]}},{"type":"Feature","properties":{"cp":21920},"geometry":{"type":"MultiPolygon","coordinates":[[[[-114.9776,32.5708],[-114.9688,32.5702],[-114.9644,32.5706],[-114.9646,32.5724],[-114.9636,32.574],[-114.9601,32.5743],[-114.9433,32.5828],[-114.9404,32.5889],[-114.9264,32.5941],[-114.9264,32.587],[-114.9258,32.5863],[-114.9092,32.5947],[-114.909,32.6141],[-114.915,32.6148],[-114.93,32.6144],[-114.9372,32.6124],[-114.9789,32.5977],[-114.983,32.5938],[-114.9799,32.5836],[-114.9775,32.5792],[-114.9776,32.5708]]]]}},{"type":"Feature","properties":{"cp":21730},"geometry":{"type":"MultiPolygon","coordinates":[[[[-115.2539,32.2076],[-115.2527,32.2073],[-115.2519,32.2044],[-115.2494,32.2038],[-115.2493,32.2033],[-115.2427,32.2039],[-115.2423,32.2032],[-115.2279,32.2032],[-115.2195,32.2014],[-115.2138,32.2034],[-115.1795,32.2032],[-115.1784,32.2039],[-115.178,32.2076],[-115.1666,32.2077],[-115.1672,32.2098],[-115.1669,32.212],[-115.1605,32.2214],[-115.1461,32.2213],[-115.1463,32.2302],[-115.1453,32.2303],[-115.1447,32.2323],[-115.1383,32.2374],[-115.1367,32.2416],[-115.1321,32.2473],[-115.1319,32.2484],[-115.1288,32.2485],[-115.1232,32.2549],[-115.1676,32.2671],[-115.1723,32.2634],[-115.1774,32.2621],[-115.1801,32.2596],[-115.1808,32.2577],[-115.1818,32.2573],[-115.192,32.2572],[-115.1924,32.2576],[-115.1914,32.259],[-115.1914,32.269],[-115.2072,32.2688],[-115.2051,32.2657],[-115.2083,32.2639],[-115.2111,32.2585],[-115.2154,32.2543],[-115.2154,32.253],[-115.2166,32.2528],[-115.2175,32.2512],[-115.2154,32.2474],[-115.2204,32.2425],[-115.224,32.2438],[-115.2311,32.2378],[-115.2347,32.2396],[-115.2373,32.2374],[-115.2424,32.2358],[-115.2459,32.2369],[-115.2481,32.2359],[-115.2516,32.2358],[-115.2518,32.2349],[-115.2535,32.2344],[-115.2536,32.233],[-115.2555,32.2326],[-115.2574,32.2343],[-115.2598,32.2393],[-115.2639,32.2412],[-115.2696,32.2411],[-115.2701,32.2416],[-115.27,32.2428],[-115.2713,32.2446],[-115.2736,32.2447],[-115.2754,32.2457],[-115.2758,32.2473],[-115.2748,32.2483],[-115.2665,32.2519],[-115.2658,32.2534],[-115.2655,32.2576],[-115.2645,32.2588],[-115.2634,32.2592],[-115.2611,32.2585],[-115.2572,32.2595],[-115.2561,32.2637],[-115.2575,32.2655],[-115.2571,32.2676],[-115.2523,32.2707],[-115.2515,32.2728],[-115.2504,32.2734],[-115.2489,32.2763],[-115.2497,32.2779],[-115.2492,32.2788],[-115.252,32.2815],[-115.2538,32.2843],[-115.2534,32.2865],[-115.2516,32.2883],[-115.2518,32.2898],[-115.2524,32.2906],[-115.2562,32.292],[-115.2567,32.293],[-115.2558,32.2948],[-115.2539,32.2952],[-115.2522,32.2963],[-115.2525,32.2967],[-115.2664,32.2981],[-115.2758,32.2924],[-115.2762,32.2925],[-115.275,32.2948],[-115.2785,32.2977],[-115.2804,32.3011],[-115.2801,32.3023],[-115.2912,32.3026],[-115.2911,32.3219],[-115.2891,32.3247],[-115.2879,32.3307],[-115.2859,32.3349],[-115.2863,32.3362],[-115.2864,32.3474],[-115.2841,32.3483],[-115.2823,32.3508],[-115.2776,32.3521],[-115.2753,32.3535],[-115.2733,32.3557],[-115.2721,32.3561],[-115.2717,32.3573],[-115.2673,32.3614],[-115.2663,32.365],[-115.2676,32.3683],[-115.2658,32.3708],[-115.2708,32.3755],[-115.2714,32.3767],[-115.2729,32.3837],[-115.2723,32.3855],[-115.2902,32.4112],[-115.2946,32.4103],[-115.2963,32.4078],[-115.2961,32.4046],[-115.3029,32.3982],[-115.3062,32.3925],[-115.3201,32.3869],[-115.3508,32.3726],[-115.3534,32.3697],[-115.355,32.3689],[-115.362,32.3684],[-115.3775,32.3635],[-115.3818,32.3644],[-115.3854,32.3676],[-115.3897,32.3677],[-115.3932,32.3656],[-115.3944,32.361],[-115.3952,32.3603],[-115.3977,32.3597],[-115.3991,32.3586],[-115.3994,32.3571],[-115.4022,32.3521],[-115.4073,32.3502],[-115.4093,32.3482],[-115.4139,32.3482],[-115.4157,32.3465],[-115.418,32.3463],[-115.4209,32.3442],[-115.4169,32.3419],[-115.4106,32.3418],[-115.4089,32.3406],[-115.4049,32.3393],[-115.4034,32.3375],[-115.4005,32.3377],[-115.3985,32.3387],[-115.3939,32.3386],[-115.3907,32.3375],[-115.3882,32.3352],[-115.3858,32.3352],[-115.3842,32.3341],[-115.3838,32.3304],[-115.3813,32.3283],[-115.3809,32.3266],[-115.3825,32.3251],[-115.3852,32.3249],[-115.3856,32.3209],[-115.3848,32.3197],[-115.3852,32.3187],[-115.384,32.3129],[-115.3847,32.3111],[-115.3877,32.3085],[-115.3879,32.3063],[-115.3871,32.3039],[-115.3822,32.3002],[-115.3808,32.2969],[-115.3813,32.2917],[-115.3792,32.2899],[-115.3784,32.286],[-115.3811,32.2811],[-115.3842,32.2799],[-115.3856,32.28],[-115.3872,32.2772],[-115.3903,32.2762],[-115.3902,32.2734],[-115.389,32.272],[-115.3887,32.2692],[-115.3856,32.2643],[-115.3835,32.2635],[-115.3817,32.2611],[-115.3824,32.2603],[-115.3825,32.2588],[-115.3814,32.2564],[-115.3828,32.2536],[-115.3856,32.2523],[-115.388,32.2532],[-115.3892,32.2514],[-115.393,32.2508],[-115.3989,32.2509],[-115.4,32.2503],[-115.402,32.2519],[-115.4039,32.2509],[-115.4051,32.2489],[-115.404,32.2465],[-115.4046,32.2437],[-115.409,32.2424],[-115.4108,32.2408],[-115.4112,32.2359],[-115.4124,32.2334],[-115.4116,32.231],[-115.4142,32.2294],[-115.4142,32.2274],[-115.4149,32.2265],[-115.4143,32.2256],[-115.4161,32.2247],[-115.4154,32.2234],[-115.4209,32.2221],[-115.4222,32.2212],[-115.4232,32.2174],[-115.4211,32.214],[-115.4209,32.2106],[-115.4192,32.2087],[-115.4193,32.2058],[-115.4171,32.2022],[-115.4155,32.2008],[-115.4113,32.2008],[-115.4105,32.1998],[-115.4087,32.1991],[-115.4084,32.1981],[-115.4046,32.1966],[-115.4038,32.1953],[-115.4026,32.1951],[-115.403,32.1942],[-115.3988,32.1922],[-115.3987,32.1912],[-115.3978,32.1908],[-115.3974,32.1919],[-115.3979,32.1932],[-115.3971,32.1937],[-115.3964,32.1932],[-115.3911,32.1937],[-115.3904,32.1921],[-115.3893,32.1913],[-115.3859,32.1924],[-115.3807,32.1917],[-115.3801,32.1921],[-115.3801,32.1929],[-115.3759,32.1933],[-115.3754,32.1939],[-115.3762,32.1973],[-115.3749,32.2005],[-115.376,32.2021],[-115.3747,32.2028],[-115.3734,32.205],[-115.3698,32.2065],[-115.3656,32.206],[-115.3627,32.2064],[-115.3565,32.2034],[-115.3484,32.2015],[-115.3467,32.202],[-115.3386,32.2081],[-115.3342,32.2067],[-115.329,32.2082],[-115.3298,32.2112],[-115.331,32.2128],[-115.2895,32.2134],[-115.2813,32.2107],[-115.2741,32.2125],[-115.2764,32.2056],[-115.2761,32.2036],[-115.2751,32.2031],[-115.2713,32.2059],[-115.2661,32.2113],[-115.2637,32.2123],[-115.2608,32.2114],[-115.2586,32.2095],[-115.2544,32.2085],[-115.2539,32.2076]]]]}},{"type":"Feature","properties":{"cp":21210},"geometry":{"type":"MultiPolygon","coordinates":[[[[-115.4374,32.6582],[-115.4287,32.6586],[-115.4288,32.6597],[-115.4227,32.6604],[-115.4216,32.6598],[-115.4125,32.6601],[-115.415,32.6606],[-115.4192,32.6675],[-115.4171,32.6677],[-115.4089,32.666],[-115.4089,32.6689],[-115.403,32.6693],[-115.4033,32.6718],[-115.4123,32.6712],[-115.4121,32.6702],[-115.4383,32.6684],[-115.4374,32.6582]]]]}},{"type":"Feature","properties":{"cp":21225},"geometry":{"type":"MultiPolygon","coordinates":[[[[-115.3952,32.663],[-115.3958,32.6595],[-115.3868,32.6589],[-115.3863,32.6624],[-115.3952,32.663]]],[[[-115.4125,32.6601],[-115.4216,32.6598],[-115.4099,32.6537],[-115.4062,32.6531],[-115.3853,32.653],[-115.3852,32.6582],[-115.4125,32.6601]]]]}},{"type":"Feature","properties":{"cp":21725},"geometry":{"type":"MultiPolygon","coordinates":[[[[-115.0881,32.2683],[-115.063,32.2496],[-115.0534,32.2535],[-115.0518,32.2563],[-115.0467,32.2558],[-115.0437,32.2586],[-115.0415,32.2616],[-115.0418,32.2673],[-115.0428,32.2693],[-115.0415,32.2719],[-115.0404,32.2732],[-115.0364,32.2727],[-115.0232,32.2834],[-115.0153,32.2954],[-115.0154,32.2967],[-115.0161,32.2961],[-115.0179,32.2996],[-115.0233,32.3004],[-115.0297,32.2988],[-115.0395,32.298],[-115.046,32.299],[-115.0516,32.2895],[-115.0599,32.2908],[-115.0656,32.2909],[-115.0729,32.287],[-115.0792,32.2879],[-115.0798,32.2869],[-115.0805,32.2869],[-115.0809,32.2805],[-115.0865,32.2804],[-115.0865,32.2744],[-115.0957,32.2745],[-115.0881,32.2683]]]]}},{"type":"Feature","properties":{"cp":21628},"geometry":{"type":"MultiPolygon","coordinates":[[[[-115.2897,32.5336],[-115.2946,32.5335],[-115.2944,32.5384],[-115.2924,32.5395],[-115.2926,32.5432],[-115.3092,32.5441],[-115.322,32.5338],[-115.3349,32.5333],[-115.3423,32.5321],[-115.3579,32.5342],[-115.3589,32.5329],[-115.3616,32.5325],[-115.362,32.5319],[-115.3722,32.5306],[-115.3714,32.5293],[-115.3713,32.5261],[-115.3644,32.5223],[-115.365,32.5183],[-115.3647,32.5156],[-115.3602,32.5099],[-115.3572,32.5086],[-115.35,32.5033],[-115.3465,32.5034],[-115.3438,32.5053],[-115.3406,32.5028],[-115.3362,32.5057],[-115.3334,32.5067],[-115.3292,32.5068],[-115.329,32.5089],[-115.3281,32.5103],[-115.323,32.5105],[-115.319,32.5097],[-115.3214,32.5142],[-115.3206,32.5146],[-115.3179,32.5141],[-115.3167,32.5132],[-115.3128,32.5132],[-115.3078,32.5161],[-115.3033,32.5148],[-115.3014,32.5134],[-115.2981,32.5123],[-115.2964,32.5129],[-115.291,32.5123],[-115.2861,32.5134],[-115.2845,32.5154],[-115.2854,32.5179],[-115.2868,32.5179],[-115.2876,32.519],[-115.2898,32.5199],[-115.2921,32.5224],[-115.2919,32.5256],[-115.2898,32.5258],[-115.2897,32.5336]]]]}},{"type":"Feature","properties":{"cp":21615},"geometry":{"type":"MultiPolygon","coordinates":[[[[-115.454,32.5052],[-115.4522,32.5037],[-115.4469,32.5096],[-115.4412,32.5145],[-115.4337,32.5145],[-115.4332,32.5129],[-115.3683,32.5126],[-115.3631,32.5063],[-115.361,32.5109],[-115.3647,32.5156],[-115.3646,32.5225],[-115.3704,32.5253],[-115.3715,32.5264],[-115.3717,32.5303],[-115.3773,32.5331],[-115.4337,32.5336],[-115.4505,32.5344],[-115.4752,32.5334],[-115.454,32.5052]]]]}},{"type":"Feature","properties":{"cp":21613},"geometry":{"type":"MultiPolygon","coordinates":[[[[-115.4612,32.5543],[-115.4612,32.5535],[-115.4601,32.5532],[-115.4582,32.5508],[-115.458,32.5484],[-115.4557,32.5466],[-115.455,32.5441],[-115.4523,32.5399],[-115.45,32.5344],[-115.424,32.5335],[-115.424,32.5348],[-115.429,32.538],[-115.431,32.5417],[-115.4319,32.5447],[-115.4315,32.5493],[-115.4353,32.5493],[-115.4353,32.5544],[-115.4612,32.5543]]]]}},{"type":"Feature","properties":{"cp":21616},"geometry":{"type":"MultiPolygon","coordinates":[[[[-115.4752,32.5334],[-115.45,32.5344],[-115.4523,32.5399],[-115.455,32.5441],[-115.4557,32.5466],[-115.458,32.5484],[-115.4582,32.5508],[-115.4601,32.5532],[-115.4612,32.5535],[-115.4614,32.5553],[-115.4627,32.5563],[-115.4623,32.5579],[-115.4645,32.5622],[-115.4627,32.5649],[-115.4635,32.5663],[-115.4654,32.5662],[-115.4695,32.5623],[-115.4867,32.5613],[-115.4854,32.547],[-115.4752,32.5334]]]]}},{"type":"Feature","properties":{"cp":21821},"geometry":{"type":"MultiPolygon","coordinates":[[[[-115.056,32.358],[-115.0558,32.361],[-115.0465,32.3611],[-115.0465,32.3649],[-115.0457,32.3666],[-115.0436,32.3692],[-115.0394,32.3725],[-115.0384,32.3785],[-115.0363,32.3814],[-115.0337,32.3831],[-115.0314,32.3893],[-115.0273,32.3935],[-115.0322,32.396],[-115.0315,32.397],[-115.0322,32.3974],[-115.0385,32.399],[-115.0455,32.4169],[-115.0558,32.4129],[-115.08,32.407],[-115.092,32.4072],[-115.1059,32.4143],[-115.1117,32.4129],[-115.1119,32.4113],[-115.1177,32.3984],[-115.1238,32.3912],[-115.1356,32.3813],[-115.1337,32.3798],[-115.1333,32.3771],[-115.1342,32.3752],[-115.1336,32.3708],[-115.1313,32.3683],[-115.1255,32.3735],[-115.0852,32.3745],[-115.0843,32.3705],[-115.0737,32.3706],[-115.0732,32.3697],[-115.0728,32.3583],[-115.056,32.358]]]]}},{"type":"Feature","properties":{"cp":21178},"geometry":{"type":"MultiPolygon","coordinates":[[[[-115.5056,32.6381],[-115.506,32.6381],[-115.5059,32.6311],[-115.5055,32.6311],[-115.5056,32.6381]]]]}},{"type":"Feature","properties":{"cp":21390},"geometry":{"type":"MultiPolygon","coordinates":[[[[-115.4393,32.6128],[-115.4359,32.6039],[-115.4315,32.6066],[-115.4252,32.6014],[-115.4256,32.6052],[-115.4211,32.605],[-115.4185,32.6063],[-115.4188,32.6192],[-115.4215,32.6149],[-115.423,32.614],[-115.4386,32.6144],[-115.4399,32.6139],[-115.4393,32.6128]]],[[[-115.3941,32.5987],[-115.3942,32.595],[-115.389,32.5949],[-115.3889,32.5987],[-115.3941,32.5987]]]]}},{"type":"Feature","properties":{"cp":21832},"geometry":{"type":"MultiPolygon","coordinates":[[[[-115.0169,32.4942],[-115.023,32.4916],[-115.0276,32.4884],[-115.0259,32.4858],[-115.0262,32.4785],[-115.0254,32.4739],[-115.0185,32.4739],[-115.0188,32.4712],[-115.0184,32.4698],[-115.0141,32.4697],[-115.0142,32.4671],[-115.0319,32.4614],[-115.0572,32.4628],[-115.0585,32.4594],[-115.0604,32.4578],[-115.0611,32.4564],[-115.0426,32.4514],[-115.0421,32.4525],[-115.0328,32.4505],[-115.0379,32.4454],[-115.0431,32.4367],[-115.0422,32.4312],[-115.043,32.429],[-115.0345,32.4273],[-115.0322,32.4294],[-115.0245,32.4306],[-115.0116,32.426],[-114.9815,32.4255],[-114.9429,32.4711],[-114.9426,32.4763],[-114.9459,32.4739],[-114.9624,32.47],[-114.9813,32.4713],[-114.9772,32.5022],[-115.0001,32.4975],[-115.004,32.4977],[-115.0125,32.4958],[-115.0156,32.494],[-115.0169,32.4942]]]]}},{"type":"Feature","properties":{"cp":21723},"geometry":{"type":"MultiPolygon","coordinates":[[[[-115.0882,32.326],[-115.0619,32.3259],[-115.0657,32.311],[-115.0719,32.3111],[-115.0729,32.3061],[-115.0645,32.2961],[-115.0673,32.2902],[-115.0658,32.2909],[-115.0622,32.291],[-115.0516,32.2895],[-115.046,32.299],[-115.0395,32.298],[-115.0297,32.2988],[-115.0233,32.3004],[-115.0179,32.2996],[-115.0161,32.2961],[-115.012,32.3003],[-115.0075,32.3028],[-115.0078,32.305],[-115.0073,32.3056],[-114.9996,32.3089],[-114.998,32.309],[-114.9935,32.3117],[-114.992,32.3178],[-114.9902,32.3202],[-114.9875,32.3218],[-114.983,32.3257],[-114.9802,32.3297],[-114.9727,32.3355],[-114.9684,32.3372],[-114.9666,32.3388],[-114.9642,32.348],[-114.9622,32.3519],[-114.9628,32.3526],[-114.9619,32.3547],[-114.9623,32.3597],[-114.963,32.3611],[-114.9644,32.3604],[-114.9702,32.3603],[-115.0048,32.3611],[-115.0558,32.361],[-115.0561,32.3445],[-115.088,32.344],[-115.0875,32.3349],[-115.0882,32.326]]]]}},{"type":"Feature","properties":{"cp":21576},"geometry":{"type":"MultiPolygon","coordinates":[[[[-115.8747,32.3989],[-115.8773,32.4663],[-115.9016,32.4591],[-115.9087,32.4541],[-115.9179,32.4508],[-115.9231,32.444],[-115.9244,32.4383],[-115.9327,32.4344],[-115.9394,32.4362],[-115.9428,32.4432],[-115.9505,32.4448],[-115.9625,32.4409],[-115.9739,32.443],[-115.9794,32.4432],[-115.9932,32.4466],[-116.004,32.4521],[-116.0372,32.4562],[-116.0427,32.4619],[-116.0456,32.4637],[-116.0536,32.4622],[-116.063,32.4598],[-116.0728,32.4521],[-116.0833,32.4493],[-116.0921,32.4499],[-116.0967,32.4432],[-116.1022,32.4409],[-116.1062,32.4402],[-116.1247,32.4123],[-116.12,32.4077],[-116.1167,32.406],[-116.1153,32.4044],[-116.112,32.4037],[-116.0984,32.41],[-116.0932,32.4098],[-116.0897,32.4123],[-116.0803,32.4117],[-116.0768,32.4109],[-116.0753,32.409],[-116.0691,32.4044],[-116.0664,32.401],[-116.0617,32.3975],[-116.059,32.3941],[-116.06,32.3903],[-116.0592,32.3866],[-116.0602,32.3836],[-116.058,32.3797],[-116.058,32.3694],[-116.054,32.3682],[-116.0528,32.3669],[-116.053,32.3604],[-116.0441,32.3491],[-116.0396,32.3462],[-116.0359,32.3399],[-116.0317,32.3349],[-116.0268,32.3319],[-116.026,32.3292],[-116.0265,32.3277],[-116.0243,32.3242],[-116.0203,32.3217],[-116.0171,32.3223],[-116.0109,32.3196],[-116.0181,32.3076],[-115.8742,32.3862],[-115.8747,32.3989]]]]}},{"type":"Feature","properties":{"cp":21575},"geometry":{"type":"MultiPolygon","coordinates":[[[[-116.1247,32.4123],[-116.1281,32.4073],[-116.1299,32.4066],[-116.1471,32.4069],[-116.1534,32.4079],[-116.1579,32.4095],[-116.1824,32.4072],[-116.181,32.4019],[-116.1743,32.3941],[-116.1753,32.3832],[-116.1769,32.3761],[-116.1793,32.3594],[-116.1826,32.3469],[-116.1571,32.3199],[-116.1528,32.3186],[-116.1518,32.3165],[-116.1503,32.3171],[-116.1471,32.3157],[-116.1456,32.3139],[-116.1443,32.3139],[-116.144,32.3132],[-116.146,32.3127],[-116.145,32.3105],[-116.1428,32.3114],[-116.1412,32.3108],[-116.1417,32.3095],[-116.1439,32.3085],[-116.1421,32.3056],[-116.1438,32.304],[-116.141,32.3016],[-116.1411,32.2996],[-116.1384,32.2978],[-116.1382,32.2929],[-116.1398,32.2917],[-116.1392,32.2885],[-116.1406,32.2861],[-116.1393,32.2852],[-116.1399,32.2835],[-116.1381,32.2811],[-116.136,32.2803],[-116.1341,32.2767],[-116.1339,32.2746],[-116.1326,32.2732],[-116.1324,32.2724],[-116.1336,32.2714],[-116.1328,32.27],[-116.134,32.2691],[-116.1343,32.2682],[-116.1337,32.2673],[-116.132,32.2673],[-116.1314,32.2665],[-116.1319,32.2651],[-116.1313,32.2633],[-116.1289,32.2638],[-116.128,32.2608],[-116.1269,32.2597],[-116.1273,32.2581],[-116.1247,32.2568],[-116.1225,32.2543],[-116.1222,32.2524],[-116.1211,32.2512],[-116.0181,32.3076],[-116.0109,32.3196],[-116.0171,32.3223],[-116.0203,32.3217],[-116.0243,32.3242],[-116.0265,32.3277],[-116.026,32.3292],[-116.0268,32.3319],[-116.0317,32.3349],[-116.0359,32.3399],[-116.0396,32.3462],[-116.0441,32.3491],[-116.0478,32.3543],[-116.051,32.3575],[-116.053,32.3604],[-116.0528,32.3669],[-116.054,32.3682],[-116.058,32.3694],[-116.058,32.3797],[-116.0602,32.3836],[-116.0592,32.3866],[-116.06,32.3903],[-116.059,32.3941],[-116.0617,32.3975],[-116.0664,32.401],[-116.0691,32.4044],[-116.0753,32.409],[-116.0768,32.4109],[-116.0803,32.4117],[-116.0897,32.4123],[-116.0932,32.4098],[-116.0984,32.41],[-116.112,32.4037],[-116.1153,32.4044],[-116.1167,32.406],[-116.12,32.4077],[-116.1247,32.4123]]]]}},{"type":"Feature","properties":{"cp":21353},"geometry":{"type":"MultiPolygon","coordinates":[[[[-115.4911,32.6133],[-115.4901,32.6044],[-115.4787,32.6047],[-115.4781,32.5983],[-115.476,32.5991],[-115.4751,32.5975],[-115.472,32.5986],[-115.4701,32.5948],[-115.4617,32.5982],[-115.46,32.5953],[-115.458,32.5956],[-115.4524,32.5986],[-115.4495,32.6015],[-115.4469,32.603],[-115.447,32.6041],[-115.4483,32.6058],[-115.4629,32.6065],[-115.4629,32.6056],[-115.4672,32.6059],[-115.4727,32.6079],[-115.4727,32.609],[-115.4791,32.6113],[-115.4867,32.6132],[-115.4911,32.6133]]]]}},{"type":"Feature","properties":{"cp":21354},"geometry":{"type":"MultiPolygon","coordinates":[[[[-115.4901,32.6044],[-115.4894,32.5962],[-115.4794,32.5959],[-115.4782,32.5881],[-115.4722,32.5895],[-115.4729,32.5911],[-115.4734,32.591],[-115.4739,32.5932],[-115.4762,32.5924],[-115.4778,32.596],[-115.4719,32.5983],[-115.472,32.5986],[-115.4751,32.5975],[-115.4762,32.5992],[-115.4781,32.5983],[-115.4787,32.6047],[-115.4901,32.6044]]]]}},{"type":"Feature","properties":{"cp":21040},"geometry":{"type":"MultiPolygon","coordinates":[[[[-115.4537,32.6252],[-115.4533,32.6271],[-115.4526,32.6269],[-115.4523,32.6282],[-115.4524,32.6361],[-115.4607,32.6364],[-115.4624,32.6384],[-115.4611,32.6392],[-115.4634,32.6418],[-115.465,32.6432],[-115.4665,32.6423],[-115.468,32.6447],[-115.4691,32.6435],[-115.4647,32.6348],[-115.4624,32.6323],[-115.4537,32.6252]]]]}},{"type":"Feature","properties":{"cp":21079},"geometry":{"type":"MultiPolygon","coordinates":[[[[-115.4742,32.6317],[-115.4722,32.6321],[-115.4723,32.633],[-115.4702,32.6345],[-115.4728,32.636],[-115.4737,32.6341],[-115.4753,32.6326],[-115.4742,32.6317]]]]}},{"type":"Feature","properties":{"cp":21614},"geometry":{"type":"MultiPolygon","coordinates":[[[[-115.4146,32.5567],[-115.414,32.5564],[-115.4121,32.5501],[-115.4315,32.5493],[-115.4319,32.5447],[-115.431,32.5417],[-115.429,32.538],[-115.424,32.5348],[-115.424,32.5335],[-115.3773,32.5331],[-115.3784,32.5345],[-115.3801,32.5352],[-115.3819,32.535],[-115.3864,32.5395],[-115.3905,32.5421],[-115.3917,32.5447],[-115.3915,32.5518],[-115.3846,32.5589],[-115.3848,32.5683],[-115.3869,32.5737],[-115.391,32.576],[-115.3941,32.576],[-115.3961,32.5749],[-115.3992,32.5728],[-115.4039,32.5651],[-115.4103,32.56],[-115.4145,32.5575],[-115.4146,32.5567]]]]}},{"type":"Feature","properties":{"cp":21179},"geometry":{"type":"MultiPolygon","coordinates":[[[[-115.5056,32.6409],[-115.5057,32.6417],[-115.5101,32.6417],[-115.5101,32.638],[-115.5056,32.6381],[-115.5056,32.6409]]]]}},{"type":"Feature","properties":{"cp":21355},"geometry":{"type":"MultiPolygon","coordinates":[[[[-115.46,32.5953],[-115.4617,32.5982],[-115.4701,32.5948],[-115.4719,32.5983],[-115.4778,32.596],[-115.4762,32.5924],[-115.4739,32.5932],[-115.4734,32.591],[-115.4729,32.5911],[-115.4722,32.5895],[-115.4775,32.588],[-115.4785,32.5884],[-115.4794,32.5959],[-115.4894,32.5962],[-115.4867,32.5613],[-115.4695,32.5623],[-115.4654,32.5662],[-115.4635,32.5663],[-115.4637,32.5672],[-115.4623,32.5685],[-115.4638,32.5701],[-115.4613,32.5708],[-115.4607,32.5726],[-115.4576,32.575],[-115.4576,32.5758],[-115.4588,32.5767],[-115.4578,32.5774],[-115.4571,32.5796],[-115.4558,32.5806],[-115.4579,32.5849],[-115.4623,32.5881],[-115.4631,32.5902],[-115.4621,32.5942],[-115.46,32.5953]]]]}},{"type":"Feature","properties":{"cp":21215},"geometry":{"type":"MultiPolygon","coordinates":[[[[-115.4108,32.6647],[-115.4142,32.6647],[-115.4165,32.6636],[-115.415,32.661],[-115.4104,32.6607],[-115.4108,32.6647]]]]}},{"type":"Feature","properties":{"cp":21216},"geometry":{"type":"MultiPolygon","coordinates":[[[[-115.417,32.6669],[-115.4152,32.6642],[-115.4108,32.6647],[-115.4109,32.6658],[-115.417,32.6669]]]]}},{"type":"Feature","properties":{"cp":21385},"geometry":{"type":"MultiPolygon","coordinates":[[[[-115.4252,32.6014],[-115.4315,32.6066],[-115.4359,32.6039],[-115.434,32.5989],[-115.4316,32.5974],[-115.429,32.5938],[-115.425,32.5913],[-115.4188,32.5898],[-115.408,32.5851],[-115.4023,32.5846],[-115.3995,32.5911],[-115.4183,32.5978],[-115.4252,32.6014]]]]}},{"type":"Feature","properties":{"cp":21339},"geometry":{"type":"MultiPolygon","coordinates":[[[[-115.4843,32.6142],[-115.4842,32.6213],[-115.4877,32.6213],[-115.4902,32.621],[-115.4901,32.6204],[-115.492,32.6191],[-115.494,32.6141],[-115.4843,32.6142]]],[[[-115.479,32.6213],[-115.479,32.6237],[-115.4763,32.6237],[-115.4763,32.6261],[-115.482,32.6261],[-115.482,32.6213],[-115.479,32.6213]]]]}},{"type":"Feature","properties":{"cp":21323},"geometry":{"type":"MultiPolygon","coordinates":[[[[-115.4901,32.6046],[-115.4915,32.605],[-115.5205,32.6043],[-115.5205,32.5943],[-115.5162,32.5954],[-115.4893,32.5953],[-115.4901,32.6046]]]]}},{"type":"Feature","properties":{"cp":21320},"geometry":{"type":"MultiPolygon","coordinates":[[[[-115.5156,32.6134],[-115.5203,32.6135],[-115.5205,32.6043],[-115.4915,32.605],[-115.4901,32.6046],[-115.4911,32.6133],[-115.5156,32.6134]]]]}},{"type":"Feature","properties":{"cp":21217},"geometry":{"type":"MultiPolygon","coordinates":[[[[-115.4171,32.6675],[-115.4192,32.6675],[-115.4165,32.6636],[-115.4152,32.6642],[-115.4171,32.6675]]]]}},{"type":"Feature","properties":{"cp":21180},"geometry":{"type":"MultiPolygon","coordinates":[[[[-115.5051,32.6236],[-115.4908,32.6237],[-115.4993,32.6371],[-115.5028,32.6369],[-115.5028,32.6329],[-115.5055,32.633],[-115.5055,32.6311],[-115.5196,32.6307],[-115.52,32.6255],[-115.5151,32.6254],[-115.5139,32.6247],[-115.5077,32.625],[-115.5077,32.6286],[-115.5055,32.6286],[-115.5051,32.6236]]]]}},{"type":"Feature","properties":{"cp":21298},"geometry":{"type":"MultiPolygon","coordinates":[[[[-115.4142,32.6341],[-115.4141,32.6318],[-115.4117,32.6318],[-115.4117,32.6308],[-115.4106,32.6308],[-115.4107,32.6318],[-115.4093,32.6318],[-115.4139,32.6266],[-115.4144,32.6248],[-115.409,32.6247],[-115.4088,32.6272],[-115.4,32.6274],[-115.3994,32.6355],[-115.3972,32.6363],[-115.3866,32.6375],[-115.386,32.6379],[-115.3857,32.6408],[-115.3843,32.6425],[-115.3853,32.6424],[-115.3891,32.6379],[-115.4139,32.6378],[-115.4142,32.6341]]]]}},{"type":"Feature","properties":{"cp":21070},"geometry":{"type":"MultiPolygon","coordinates":[[[[-115.4651,32.6355],[-115.4659,32.6369],[-115.4673,32.6369],[-115.4723,32.633],[-115.4722,32.6321],[-115.4754,32.6314],[-115.4747,32.6308],[-115.4755,32.6301],[-115.4778,32.6296],[-115.4749,32.6292],[-115.4743,32.6299],[-115.472,32.6297],[-115.4651,32.6355]]]]}},{"type":"Feature","properties":{"cp":21823},"geometry":{"type":"MultiPolygon","coordinates":[[[[-115.0455,32.4169],[-115.0385,32.399],[-115.0322,32.3974],[-115.0315,32.397],[-115.0322,32.396],[-115.0273,32.3935],[-115.0314,32.3893],[-115.0337,32.3831],[-115.0363,32.3814],[-115.0384,32.3785],[-115.0394,32.3725],[-115.0436,32.3692],[-115.0457,32.3666],[-115.0465,32.3649],[-115.0464,32.3609],[-115.0048,32.3611],[-114.9702,32.3603],[-114.9644,32.3604],[-114.963,32.3611],[-114.9646,32.3661],[-114.9632,32.3767],[-114.9656,32.3793],[-114.9651,32.381],[-114.9674,32.3833],[-114.9666,32.3846],[-114.9686,32.3895],[-114.9684,32.3908],[-114.9671,32.3933],[-114.9635,32.3942],[-114.9595,32.3918],[-114.9557,32.3925],[-114.9538,32.3946],[-114.9536,32.3966],[-114.9602,32.4015],[-114.961,32.4044],[-114.9609,32.4107],[-114.9615,32.4115],[-114.9807,32.4175],[-114.9796,32.4187],[-114.9848,32.4216],[-114.9815,32.4255],[-115.0116,32.426],[-115.0234,32.4304],[-115.026,32.4307],[-115.0331,32.4288],[-115.0407,32.4185],[-115.0455,32.4169]]]]}},{"type":"Feature","properties":{"cp":21219},"geometry":{"type":"MultiPolygon","coordinates":[[[[-115.4383,32.6684],[-115.4121,32.6702],[-115.4123,32.6712],[-115.4133,32.6711],[-115.4525,32.6682],[-115.4526,32.6673],[-115.4383,32.6684]]]]}},{"type":"Feature","properties":{"cp":21050},"geometry":{"type":"MultiPolygon","coordinates":[[[[-115.4895,32.6237],[-115.4865,32.6258],[-115.4837,32.6309],[-115.484,32.632],[-115.4831,32.6339],[-115.4817,32.6413],[-115.4853,32.641],[-115.4852,32.642],[-115.5018,32.6421],[-115.4905,32.6237],[-115.4895,32.6237]]]]}},{"type":"Feature","properties":{"cp":21830},"geometry":{"type":"MultiPolygon","coordinates":[[[[-115.0584,32.4838],[-115.0583,32.4777],[-115.0511,32.4692],[-115.0386,32.4617],[-115.0311,32.4616],[-115.0142,32.4671],[-115.0141,32.4697],[-115.0184,32.4698],[-115.0188,32.4712],[-115.0185,32.4739],[-115.0254,32.474],[-115.0262,32.4785],[-115.0259,32.4858],[-115.0276,32.4885],[-115.023,32.4916],[-115.0169,32.4942],[-115.0198,32.4965],[-115.0212,32.4967],[-115.0214,32.5032],[-115.0257,32.5145],[-115.0357,32.5144],[-115.0371,32.5134],[-115.0397,32.509],[-115.0449,32.5096],[-115.0497,32.5084],[-115.0474,32.5045],[-115.0427,32.4931],[-115.042,32.4896],[-115.0584,32.4838]]]]}},{"type":"Feature","properties":{"cp":21290},"geometry":{"type":"MultiPolygon","coordinates":[[[[-115.4299,32.6388],[-115.4321,32.6392],[-115.4428,32.6387],[-115.4428,32.6345],[-115.4367,32.6346],[-115.4367,32.6312],[-115.4343,32.6312],[-115.434,32.6247],[-115.4188,32.6249],[-115.4187,32.6309],[-115.4175,32.6309],[-115.4176,32.6319],[-115.4161,32.632],[-115.4161,32.6327],[-115.4161,32.6341],[-115.4186,32.6342],[-115.4185,32.6381],[-115.4204,32.6389],[-115.4299,32.6388]]]]}},{"type":"Feature","properties":{"cp":21289},"geometry":{"type":"MultiPolygon","coordinates":[[[[-115.4428,32.6287],[-115.4342,32.6287],[-115.4343,32.6312],[-115.4367,32.6312],[-115.4367,32.6346],[-115.448,32.6345],[-115.4479,32.6302],[-115.4428,32.6307],[-115.4428,32.6287]]]]}},{"type":"Feature","properties":{"cp":21534},"geometry":{"type":"MultiPolygon","coordinates":[[[[-116.5682,32.5431],[-116.5667,32.5399],[-116.5687,32.5383],[-116.5681,32.5376],[-116.5651,32.5369],[-116.5605,32.5336],[-116.5597,32.5291],[-116.5489,32.5326],[-116.5344,32.5349],[-116.5364,32.5378],[-116.541,32.542],[-116.553,32.5494],[-116.5578,32.5473],[-116.5625,32.5435],[-116.5682,32.5431]]]]}},{"type":"Feature","properties":{"cp":21226},"geometry":{"type":"MultiPolygon","coordinates":[[[[-115.3852,32.6582],[-115.3853,32.653],[-115.3789,32.653],[-115.3784,32.657],[-115.379,32.6568],[-115.3812,32.6585],[-115.3816,32.6581],[-115.3822,32.6593],[-115.3834,32.6584],[-115.3852,32.6582]]]]}},{"type":"Feature","properties":{"cp":21514},"geometry":{"type":"MultiPolygon","coordinates":[[[[-116.3894,32.5747],[-116.2303,32.5603],[-116.2275,32.5677],[-116.2276,32.5847],[-116.231,32.5946],[-116.2344,32.6083],[-116.3966,32.5952],[-116.398,32.59],[-116.3975,32.5876],[-116.4002,32.587],[-116.3941,32.5753],[-116.3894,32.5747]]]]}},{"type":"Feature","properties":{"cp":21379},"geometry":{"type":"MultiPolygon","coordinates":[[[[-115.409,32.6247],[-115.4188,32.6249],[-115.4189,32.6144],[-115.3995,32.6144],[-115.3994,32.6188],[-115.409,32.6247]]]]}},{"type":"Feature","properties":{"cp":21535},"geometry":{"type":"MultiPolygon","coordinates":[[[[-116.6226,32.5352],[-116.6223,32.5303],[-116.6214,32.5294],[-116.622,32.5276],[-116.62,32.5261],[-116.6203,32.5257],[-116.6173,32.5252],[-116.6179,32.5228],[-116.6173,32.5214],[-116.6153,32.5207],[-116.6133,32.5192],[-116.6119,32.5196],[-116.6105,32.5191],[-116.6095,32.5176],[-116.6058,32.5174],[-116.5926,32.5133],[-116.5806,32.5177],[-116.5761,32.5208],[-116.5721,32.5214],[-116.5661,32.5266],[-116.5597,32.5291],[-116.5605,32.5336],[-116.5651,32.5369],[-116.5681,32.5376],[-116.5687,32.5383],[-116.5667,32.5399],[-116.5681,32.543],[-116.5739,32.5492],[-116.5778,32.5512],[-116.5817,32.5506],[-116.5819,32.5496],[-116.5842,32.5488],[-116.5865,32.5455],[-116.5884,32.5458],[-116.593,32.5487],[-116.5953,32.5517],[-116.6007,32.5464],[-116.6021,32.5465],[-116.6061,32.5445],[-116.6082,32.5441],[-116.6142,32.5398],[-116.6189,32.5386],[-116.6214,32.5357],[-116.6226,32.5352]]]]}},{"type":"Feature","properties":{"cp":21509},"geometry":{"type":"MultiPolygon","coordinates":[[[[-116.6467,32.4141],[-116.6441,32.4138],[-116.6427,32.4111],[-116.6418,32.4106],[-116.6407,32.4113],[-116.6393,32.4107],[-116.6376,32.4125],[-116.6332,32.4128],[-116.629,32.41],[-116.6269,32.4077],[-116.624,32.4074],[-116.6214,32.408],[-116.616,32.4072],[-116.6099,32.4088],[-116.6027,32.4118],[-116.5987,32.4151],[-116.5953,32.4205],[-116.5954,32.4222],[-116.5926,32.4207],[-116.5887,32.4205],[-116.5854,32.4223],[-116.5822,32.4209],[-116.5781,32.4166],[-116.5715,32.4171],[-116.5676,32.4194],[-116.5672,32.4225],[-116.5657,32.4224],[-116.5622,32.4259],[-116.5584,32.4303],[-116.5578,32.4323],[-116.5534,32.436],[-116.5514,32.4402],[-116.5482,32.4418],[-116.5465,32.4444],[-116.5444,32.4457],[-116.543,32.4456],[-116.5431,32.4475],[-116.5414,32.4485],[-116.541,32.4506],[-116.539,32.4529],[-116.5367,32.4536],[-116.5325,32.4564],[-116.5322,32.4577],[-116.534,32.4598],[-116.5327,32.4621],[-116.5318,32.4626],[-116.5275,32.4622],[-116.5261,32.464],[-116.529,32.4684],[-116.5321,32.4693],[-116.5391,32.4733],[-116.5476,32.4742],[-116.5497,32.4767],[-116.5551,32.4798],[-116.5581,32.4787],[-116.5612,32.479],[-116.5695,32.4778],[-116.5708,32.4744],[-116.5726,32.4728],[-116.5736,32.4752],[-116.576,32.4745],[-116.5766,32.4763],[-116.583,32.4754],[-116.5835,32.4765],[-116.5855,32.4763],[-116.5855,32.4783],[-116.5878,32.4783],[-116.5895,32.4791],[-116.5888,32.4823],[-116.5909,32.484],[-116.5929,32.4842],[-116.5973,32.4824],[-116.5983,32.4833],[-116.6016,32.4823],[-116.6059,32.4836],[-116.6066,32.4812],[-116.6105,32.4776],[-116.614,32.4697],[-116.6137,32.464],[-116.6107,32.4551],[-116.6112,32.4539],[-116.6107,32.451],[-116.6118,32.4499],[-116.6117,32.448],[-116.6125,32.446],[-116.6213,32.4366],[-116.6223,32.4344],[-116.6266,32.4314],[-116.6271,32.4302],[-116.6301,32.4277],[-116.6357,32.4244],[-116.6415,32.4234],[-116.6438,32.4223],[-116.6459,32.4184],[-116.6467,32.4141]]]]}},{"type":"Feature","properties":{"cp":21504},"geometry":{"type":"MultiPolygon","coordinates":[[[[-116.426,32.3505],[-116.4266,32.3509],[-116.4258,32.3517],[-116.4159,32.3493],[-116.4103,32.3548],[-116.4101,32.3584],[-116.3947,32.3694],[-116.3858,32.3793],[-116.3786,32.3842],[-116.3603,32.403],[-116.3594,32.4101],[-116.3628,32.4167],[-116.3611,32.4231],[-116.3617,32.4279],[-116.3643,32.4347],[-116.3671,32.4343],[-116.3742,32.4361],[-116.3892,32.441],[-116.3931,32.4434],[-116.3949,32.4545],[-116.3979,32.4584],[-116.396,32.4651],[-116.3946,32.4667],[-116.3959,32.4802],[-116.3984,32.4838],[-116.4011,32.4862],[-116.4095,32.4876],[-116.416,32.4842],[-116.4191,32.4814],[-116.4238,32.4806],[-116.4247,32.478],[-116.4264,32.4773],[-116.4273,32.475],[-116.4334,32.4729],[-116.4354,32.4691],[-116.4366,32.4683],[-116.442,32.4686],[-116.4435,32.4677],[-116.4462,32.4674],[-116.4505,32.4678],[-116.4538,32.4669],[-116.4551,32.4674],[-116.4584,32.4672],[-116.4602,32.4655],[-116.4632,32.4641],[-116.4633,32.4631],[-116.4621,32.4612],[-116.4629,32.4603],[-116.4654,32.4619],[-116.467,32.4621],[-116.4668,32.4592],[-116.4681,32.4574],[-116.4698,32.4578],[-116.4717,32.4598],[-116.4736,32.4589],[-116.4742,32.4611],[-116.4752,32.4616],[-116.4796,32.4612],[-116.4813,32.4596],[-116.4842,32.4604],[-116.4852,32.4574],[-116.4836,32.4553],[-116.4862,32.4539],[-116.4854,32.4508],[-116.4906,32.4501],[-116.4935,32.4483],[-116.4951,32.449],[-116.4952,32.4508],[-116.494,32.4522],[-116.4942,32.4534],[-116.4962,32.4549],[-116.4969,32.4567],[-116.5063,32.4615],[-116.5105,32.4618],[-116.5116,32.4633],[-116.5201,32.4679],[-116.5245,32.4681],[-116.5262,32.4636],[-116.5275,32.4622],[-116.5318,32.4626],[-116.5327,32.4621],[-116.534,32.4598],[-116.5322,32.4577],[-116.5325,32.4564],[-116.5367,32.4536],[-116.539,32.4529],[-116.541,32.4506],[-116.5414,32.4485],[-116.5431,32.4475],[-116.543,32.4456],[-116.5444,32.4457],[-116.5465,32.4444],[-116.5482,32.4418],[-116.5514,32.4402],[-116.5534,32.436],[-116.5578,32.4323],[-116.5584,32.4303],[-116.5612,32.4276],[-116.5377,32.4119],[-116.5306,32.409],[-116.5204,32.4008],[-116.5193,32.3923],[-116.512,32.3831],[-116.5146,32.3653],[-116.5158,32.3643],[-116.5162,32.3608],[-116.5208,32.3534],[-116.5245,32.3496],[-116.5244,32.3481],[-116.5256,32.3457],[-116.525,32.3388],[-116.5254,32.3372],[-116.524,32.3315],[-116.5246,32.3279],[-116.5235,32.3269],[-116.5218,32.329],[-116.5192,32.3305],[-116.5132,32.331],[-116.5109,32.329],[-116.5083,32.3289],[-116.5081,32.3308],[-116.5069,32.3315],[-116.5064,32.3348],[-116.5029,32.3373],[-116.4961,32.3373],[-116.4961,32.3401],[-116.4904,32.3407],[-116.4872,32.3466],[-116.4717,32.3462],[-116.4644,32.3437],[-116.457,32.3449],[-116.4552,32.3466],[-116.4474,32.3452],[-116.4378,32.347],[-116.4334,32.3467],[-116.4275,32.3496],[-116.4267,32.3509],[-116.426,32.3505]]]]}},{"type":"Feature","properties":{"cp":21270},"geometry":{"type":"MultiPolygon","coordinates":[[[[-115.4302,32.6441],[-115.4509,32.6441],[-115.449,32.6391],[-115.4299,32.6388],[-115.4302,32.6441]]]]}},{"type":"Feature","properties":{"cp":21150},"geometry":{"type":"MultiPolygon","coordinates":[[[[-115.488,32.653],[-115.4864,32.651],[-115.4823,32.6489],[-115.4811,32.6475],[-115.4809,32.6453],[-115.482,32.642],[-115.4821,32.6391],[-115.4797,32.6383],[-115.4794,32.6395],[-115.4779,32.6395],[-115.4767,32.6444],[-115.473,32.6478],[-115.4731,32.6499],[-115.4748,32.6514],[-115.4733,32.6516],[-115.4766,32.6553],[-115.4741,32.6586],[-115.4774,32.6611],[-115.4824,32.6605],[-115.4851,32.6579],[-115.4864,32.6556],[-115.4888,32.6542],[-115.488,32.653]]]]}},{"type":"Feature","properties":{"cp":21330},"geometry":{"type":"MultiPolygon","coordinates":[[[[-115.4791,32.6122],[-115.479,32.6213],[-115.482,32.6213],[-115.482,32.6261],[-115.4763,32.6261],[-115.4766,32.6215],[-115.4727,32.6211],[-115.4726,32.6238],[-115.4695,32.6238],[-115.4737,32.6285],[-115.48,32.6293],[-115.4837,32.6309],[-115.4865,32.6258],[-115.4895,32.6237],[-115.4902,32.621],[-115.4842,32.6213],[-115.4843,32.6136],[-115.4791,32.6122]]]]}},{"type":"Feature","properties":{"cp":21080},"geometry":{"type":"MultiPolygon","coordinates":[[[[-115.4837,32.6309],[-115.4787,32.629],[-115.4786,32.6298],[-115.4798,32.6301],[-115.4824,32.6327],[-115.4817,32.6344],[-115.4829,32.6346],[-115.484,32.632],[-115.4837,32.6309]]]]}},{"type":"Feature","properties":{"cp":21147},"geometry":{"type":"MultiPolygon","coordinates":[[[[-115.4993,32.6371],[-115.4913,32.6242],[-115.4905,32.6237],[-115.5038,32.6453],[-115.5044,32.6453],[-115.5054,32.6472],[-115.5057,32.6458],[-115.5044,32.6452],[-115.5044,32.6442],[-115.5035,32.6442],[-115.4993,32.6371]]]]}},{"type":"Feature","properties":{"cp":21856},"geometry":{"type":"MultiPolygon","coordinates":[[[[-115.0964,30.5594],[-115.1009,30.5463],[-115.1211,30.5178],[-115.1049,30.4963],[-115.127,30.4668],[-115.122,30.4218],[-115.0893,30.4288],[-115.0486,30.4509],[-114.9687,30.406],[-114.9662,30.3578],[-114.9525,30.3061],[-114.8754,30.2262],[-114.8455,30.1232],[-114.841,30.0746],[-114.7872,30.0557],[-114.6914,29.9978],[-114.486,29.5931],[-114.3396,29.5493],[-114.3134,29.4622],[-114.2814,29.3595],[-114.2248,29.3243],[-114.1731,29.3092],[-114.1084,29.292],[-114.0279,29.286],[-113.9994,29.2946],[-113.9668,29.2987],[-113.9591,29.3591],[-113.9299,29.3962],[-113.9316,29.4167],[-113.9227,29.4306],[-113.8931,29.4341],[-113.8818,29.4448],[-113.8485,29.439],[-113.8359,29.4555],[-113.8377,29.4568],[-113.8404,29.4574],[-113.8445,29.4573],[-113.8544,29.4624],[-113.8596,29.4618],[-113.8623,29.4621],[-113.8634,29.4646],[-113.8647,29.4659],[-113.8695,29.4673],[-113.8732,29.4726],[-113.8751,29.473],[-113.8809,29.4777],[-113.8969,29.4848],[-113.9028,29.4921],[-113.9057,29.4939],[-113.9111,29.5007],[-113.9126,29.5016],[-113.9162,29.5054],[-113.9245,29.5096],[-113.9274,29.5118],[-113.9294,29.5151],[-113.9304,29.5199],[-113.9334,29.5202],[-113.9422,29.5236],[-113.9434,29.525],[-113.9435,29.5272],[-113.9456,29.5279],[-113.9497,29.5338],[-113.951,29.5387],[-113.9567,29.5406],[-113.9638,29.5464],[-113.9738,29.5561],[-113.9759,29.5619],[-113.9789,29.5655],[-113.9875,29.5714],[-113.9943,29.5776],[-113.9954,29.5781],[-113.9968,29.5765],[-113.9983,29.5761],[-114.0047,29.5763],[-114.009,29.5766],[-114.0165,29.579],[-114.0227,29.5814],[-114.0225,29.5829],[-114.0231,29.5845],[-114.0278,29.5872],[-114.0291,29.5893],[-114.0288,29.5905],[-114.0311,29.5938],[-114.0338,29.5947],[-114.0424,29.5952],[-114.0458,29.5961],[-114.0477,29.5979],[-114.0484,29.6012],[-114.0502,29.6025],[-114.0512,29.6054],[-114.0544,29.6081],[-114.0557,29.6114],[-114.0586,29.615],[-114.0595,29.6172],[-114.0611,29.625],[-114.0634,29.6286],[-114.0666,29.6302],[-114.068,29.632],[-114.0723,29.6354],[-114.0756,29.6364],[-114.0814,29.64],[-114.0904,29.6421],[-114.0939,29.6454],[-114.1012,29.65],[-114.1079,29.6518],[-114.1109,29.6533],[-114.112,29.6565],[-114.1187,29.6633],[-114.1203,29.6636],[-114.1225,29.6656],[-114.1259,29.6671],[-114.1268,29.6681],[-114.1265,29.6696],[-114.127,29.6701],[-114.1323,29.6719],[-114.1334,29.677],[-114.1418,29.6842],[-114.1429,29.6901],[-114.1449,29.6916],[-114.148,29.6929],[-114.1489,29.6939],[-114.1515,29.6932],[-114.1534,29.6937],[-114.1542,29.693],[-114.1535,29.6925],[-114.1547,29.6913],[-114.157,29.6907],[-114.1593,29.6911],[-114.1618,29.6931],[-114.1629,29.6968],[-114.1657,29.6998],[-114.1665,29.7015],[-114.1702,29.7019],[-114.1751,29.7043],[-114.1769,29.7065],[-114.1777,29.7062],[-114.1784,29.7075],[-114.1814,29.7081],[-114.1846,29.7127],[-114.1881,29.7145],[-114.1904,29.72],[-114.1964,29.7229],[-114.2005,29.7279],[-114.202,29.733],[-114.2035,29.7355],[-114.2041,29.7399],[-114.2062,29.7426],[-114.2081,29.7439],[-114.2114,29.7451],[-114.2129,29.7444],[-114.2162,29.7445],[-114.2172,29.7456],[-114.2205,29.746],[-114.2215,29.7477],[-114.2238,29.7492],[-114.2298,29.7506],[-114.236,29.7574],[-114.2398,29.7592],[-114.2432,29.7627],[-114.2464,29.7631],[-114.249,29.7617],[-114.253,29.7622],[-114.2542,29.7608],[-114.2586,29.7598],[-114.2595,29.7604],[-114.2592,29.762],[-114.2604,29.764],[-114.2595,29.7669],[-114.2604,29.7668],[-114.2602,29.7661],[-114.261,29.7651],[-114.2605,29.7647],[-114.2612,29.7643],[-114.2618,29.7625],[-114.2633,29.7623],[-114.2648,29.768],[-114.2692,29.7702],[-114.27,29.7699],[-114.2713,29.772],[-114.2726,29.7716],[-114.2735,29.7701],[-114.2758,29.7698],[-114.2781,29.7703],[-114.2802,29.7723],[-114.2841,29.7691],[-114.2834,29.7682],[-114.2845,29.7673],[-114.2839,29.7657],[-114.2843,29.7651],[-114.2874,29.7648],[-114.2913,29.7668],[-114.2926,29.7672],[-114.293,29.7665],[-114.2906,29.7645],[-114.2905,29.7638],[-114.2925,29.7625],[-114.2932,29.7604],[-114.291,29.7567],[-114.2902,29.7567],[-114.2902,29.7577],[-114.2896,29.7579],[-114.2887,29.7574],[-114.2885,29.7583],[-114.2877,29.7577],[-114.2869,29.758],[-114.2872,29.7587],[-114.2865,29.7585],[-114.2855,29.7594],[-114.2844,29.7591],[-114.2862,29.7568],[-114.2848,29.7574],[-114.2831,29.7601],[-114.2814,29.7597],[-114.283,29.7591],[-114.2836,29.7582],[-114.2835,29.7555],[-114.2864,29.755],[-114.2865,29.7537],[-114.2881,29.7528],[-114.2869,29.7496],[-114.2886,29.7487],[-114.2904,29.7464],[-114.2913,29.746],[-114.2922,29.7464],[-114.2924,29.7451],[-114.2938,29.745],[-114.2931,29.7441],[-114.2943,29.7428],[-114.2969,29.7417],[-114.3023,29.7413],[-114.3037,29.742],[-114.3045,29.7433],[-114.3039,29.7441],[-114.3033,29.7438],[-114.3036,29.7448],[-114.3049,29.7445],[-114.3055,29.7437],[-114.3047,29.7431],[-114.305,29.742],[-114.3074,29.7408],[-114.3199,29.7411],[-114.3305,29.7425],[-114.3369,29.7441],[-114.3428,29.7467],[-114.3441,29.75],[-114.3457,29.7518],[-114.3451,29.7544],[-114.3464,29.7575],[-114.3461,29.7593],[-114.3526,29.7656],[-114.3546,29.7687],[-114.3592,29.7712],[-114.3623,29.772],[-114.3637,29.772],[-114.3699,29.7697],[-114.3731,29.7702],[-114.3825,29.7747],[-114.386,29.7771],[-114.3906,29.7816],[-114.3945,29.7886],[-114.3962,29.7946],[-114.396,29.8047],[-114.3938,29.8095],[-114.3923,29.8098],[-114.3897,29.8083],[-114.3895,29.8113],[-114.3877,29.8116],[-114.3858,29.8098],[-114.3807,29.8131],[-114.3785,29.8117],[-114.3769,29.8117],[-114.3762,29.8108],[-114.3762,29.8092],[-114.3749,29.8094],[-114.3744,29.8103],[-114.3723,29.8093],[-114.3715,29.808],[-114.3729,29.8064],[-114.3724,29.8058],[-114.3696,29.8063],[-114.3692,29.8077],[-114.3699,29.809],[-114.3757,29.8115],[-114.3784,29.8139],[-114.3806,29.8178],[-114.3806,29.8211],[-114.3821,29.8226],[-114.3938,29.8277],[-114.3937,29.8283],[-114.3954,29.8275],[-114.4016,29.8313],[-114.4036,29.8365],[-114.4087,29.8422],[-114.4113,29.8469],[-114.4136,29.8484],[-114.4136,29.853],[-114.4144,29.854],[-114.4151,29.8573],[-114.4104,29.8677],[-114.4093,29.8776],[-114.4101,29.882],[-114.4126,29.8864],[-114.413,29.8907],[-114.4185,29.8934],[-114.4229,29.897],[-114.4234,29.8991],[-114.425,29.9014],[-114.4291,29.9039],[-114.4294,29.9059],[-114.4345,29.9093],[-114.4366,29.9094],[-114.4404,29.9077],[-114.459,29.9093],[-114.4649,29.9104],[-114.471,29.9133],[-114.4735,29.916],[-114.4732,29.9184],[-114.4739,29.9191],[-114.4741,29.9212],[-114.4765,29.9229],[-114.4779,29.9246],[-114.4781,29.9298],[-114.4806,29.9378],[-114.4821,29.9394],[-114.4828,29.9432],[-114.4875,29.9488],[-114.4933,29.9525],[-114.506,29.9559],[-114.5118,29.9594],[-114.5198,29.9617],[-114.5291,29.9655],[-114.5345,29.9681],[-114.5368,29.9704],[-114.5392,29.9754],[-114.5407,29.9771],[-114.5406,29.9791],[-114.5392,29.9808],[-114.5387,29.9828],[-114.54,29.9845],[-114.5432,29.9864],[-114.5457,29.989],[-114.547,29.9921],[-114.5502,29.9954],[-114.5518,29.9993],[-114.5519,30.0019],[-114.5604,30.0066],[-114.5645,30.01],[-114.5655,30.0116],[-114.5654,30.0139],[-114.5663,30.0157],[-114.5643,30.0184],[-114.5671,30.0216],[-114.5677,30.0237],[-114.5677,30.0251],[-114.566,30.0265],[-114.5751,30.031],[-114.5763,30.0325],[-114.5775,30.0377],[-114.577,30.04],[-114.5782,30.0446],[-114.5839,30.0519],[-114.5828,30.06],[-114.5828,30.0684],[-114.5845,30.0741],[-114.5902,30.082],[-114.5973,30.0887],[-114.5974,30.0913],[-114.6007,30.1015],[-114.6039,30.108],[-114.6093,30.1121],[-114.6121,30.1135],[-114.6155,30.114],[-114.6253,30.1179],[-114.6278,30.1197],[-114.6315,30.1253],[-114.6332,30.1264],[-114.6346,30.1315],[-114.6336,30.1316],[-114.6354,30.1344],[-114.6352,30.1356],[-114.6358,30.1365],[-114.6358,30.1393],[-114.6352,30.1401],[-114.6354,30.1426],[-114.6361,30.1435],[-114.6371,30.1432],[-114.639,30.1445],[-114.6405,30.1507],[-114.6402,30.1525],[-114.6453,30.1573],[-114.6449,30.1581],[-114.6457,30.1586],[-114.6459,30.1604],[-114.6501,30.1662],[-114.6505,30.1698],[-114.6525,30.1749],[-114.6594,30.1822],[-114.6607,30.1822],[-114.6635,30.1845],[-114.664,30.1866],[-114.6649,30.1869],[-114.6677,30.1914],[-114.668,30.196],[-114.6689,30.1983],[-114.668,30.2005],[-114.6671,30.2004],[-114.6646,30.2068],[-114.6635,30.207],[-114.6631,30.2082],[-114.6589,30.2116],[-114.6547,30.2167],[-114.6505,30.2253],[-114.65,30.233],[-114.651,30.2373],[-114.6505,30.2388],[-114.6517,30.2399],[-114.6521,30.2417],[-114.6509,30.2443],[-114.6406,30.258],[-114.6398,30.2605],[-114.6402,30.2632],[-114.6423,30.2671],[-114.6445,30.2678],[-114.6485,30.271],[-114.6495,30.2719],[-114.65,30.2743],[-114.6512,30.2745],[-114.6522,30.276],[-114.6537,30.276],[-114.6562,30.2788],[-114.6554,30.2812],[-114.6563,30.2852],[-114.655,30.2878],[-114.6531,30.2885],[-114.6522,30.2897],[-114.6519,30.293],[-114.6526,30.2942],[-114.6527,30.2958],[-114.6509,30.2997],[-114.6477,30.3037],[-114.6484,30.3069],[-114.647,30.309],[-114.6468,30.3125],[-114.6459,30.3136],[-114.6452,30.3134],[-114.6442,30.3149],[-114.645,30.3157],[-114.6464,30.3156],[-114.6455,30.3193],[-114.6463,30.319],[-114.6458,30.3197],[-114.6464,30.3195],[-114.6466,30.3206],[-114.6456,30.3214],[-114.6452,30.3211],[-114.6442,30.3226],[-114.644,30.3251],[-114.645,30.3297],[-114.6441,30.3369],[-114.6431,30.3391],[-114.6419,30.3401],[-114.6403,30.3398],[-114.6392,30.3389],[-114.6389,30.3396],[-114.6397,30.3404],[-114.6399,30.344],[-114.6412,30.3454],[-114.6419,30.349],[-114.6394,30.3497],[-114.6379,30.3485],[-114.6372,30.3457],[-114.6363,30.3451],[-114.6358,30.3452],[-114.6348,30.3502],[-114.6364,30.3544],[-114.637,30.3579],[-114.6353,30.3642],[-114.6363,30.3675],[-114.6374,30.3662],[-114.6394,30.3668],[-114.6409,30.37],[-114.6421,30.3695],[-114.6432,30.3708],[-114.6437,30.3766],[-114.6416,30.3854],[-114.6355,30.3956],[-114.637,30.3994],[-114.6368,30.4046],[-114.6365,30.4057],[-114.6352,30.4068],[-114.6347,30.4122],[-114.6339,30.4143],[-114.6326,30.4156],[-114.6325,30.4172],[-114.6313,30.4199],[-114.6314,30.4246],[-114.6327,30.4275],[-114.6328,30.4296],[-114.6375,30.4384],[-114.6377,30.4428],[-114.6366,30.4462],[-114.6387,30.4481],[-114.6392,30.4526],[-114.6387,30.4587],[-114.6322,30.4758],[-114.6409,30.4746],[-114.6492,30.4756],[-114.6593,30.4779],[-114.6724,30.4824],[-114.6857,30.4831],[-114.7014,30.48],[-114.7078,30.4764],[-114.7139,30.472],[-114.7211,30.4686],[-114.7255,30.4676],[-114.7313,30.4677],[-114.7383,30.4714],[-114.7439,30.4709],[-114.7491,30.4688],[-114.7519,30.4701],[-114.7536,30.4726],[-114.7567,30.4731],[-114.7574,30.4767],[-114.7621,30.4777],[-114.767,30.4776],[-114.7678,30.4786],[-114.7679,30.4803],[-114.7699,30.4826],[-114.7767,30.4832],[-114.7781,30.4843],[-114.7792,30.4882],[-114.7811,30.4903],[-114.7863,30.4883],[-114.7904,30.4892],[-114.801,30.4944],[-114.8073,30.4994],[-114.8101,30.5004],[-114.8121,30.5002],[-114.8163,30.4976],[-114.8256,30.4957],[-114.8289,30.4957],[-114.8302,30.4943],[-114.8321,30.4938],[-114.838,30.4951],[-114.8429,30.4944],[-114.8478,30.4923],[-114.8507,30.4918],[-114.8803,30.4974],[-114.8864,30.5006],[-114.8923,30.5028],[-114.899,30.5038],[-114.9062,30.5009],[-114.918,30.4984],[-114.924,30.4942],[-114.9292,30.4872],[-114.9362,30.4803],[-114.9416,30.4787],[-114.9525,30.477],[-114.9609,30.4773],[-114.9689,30.4759],[-114.9788,30.4754],[-114.9846,30.4759],[-114.9933,30.4801],[-114.996,30.4844],[-115.0,30.487],[-115.0014,30.4935],[-115.0024,30.4941],[-115.0012,30.4964],[-115.0035,30.4971],[-115.0043,30.5001],[-115.0059,30.5013],[-115.0049,30.5041],[-115.0057,30.5052],[-115.0072,30.5161],[-115.0183,30.5379],[-115.0396,30.5724],[-115.062,30.5621],[-115.0964,30.5594]]]]}},{"type":"Feature","properties":{"cp":21135},"geometry":{"type":"MultiPolygon","coordinates":[[[[-115.551,32.6465],[-115.5532,32.6465],[-115.553,32.6404],[-115.5545,32.6404],[-115.5545,32.6307],[-115.5273,32.6309],[-115.5276,32.6467],[-115.551,32.6465]]]]}},{"type":"Feature","properties":{"cp":21000},"geometry":{"type":"MultiPolygon","coordinates":[[[[-115.4691,32.6435],[-115.4718,32.6492],[-115.4767,32.6444],[-115.4779,32.6395],[-115.4794,32.6395],[-115.4795,32.6388],[-115.4754,32.6381],[-115.4743,32.6366],[-115.4702,32.6345],[-115.4673,32.6369],[-115.4659,32.6369],[-115.4691,32.6435]]]]}},{"type":"Feature","properties":{"cp":21060},"geometry":{"type":"MultiPolygon","coordinates":[[[[-115.4778,32.6296],[-115.4747,32.6308],[-115.4754,32.6314],[-115.4742,32.6317],[-115.4753,32.6326],[-115.4737,32.6341],[-115.4728,32.636],[-115.4743,32.6366],[-115.4754,32.6381],[-115.4795,32.6388],[-115.4797,32.6383],[-115.4821,32.6391],[-115.4829,32.6346],[-115.4817,32.6344],[-115.4824,32.6327],[-115.4798,32.6301],[-115.4786,32.6298],[-115.4787,32.629],[-115.478,32.6289],[-115.4778,32.6296]]]]}},{"type":"Feature","properties":{"cp":21254},"geometry":{"type":"MultiPolygon","coordinates":[[[[-115.4139,32.6451],[-115.4139,32.6378],[-115.3995,32.6379],[-115.3995,32.6423],[-115.3921,32.6424],[-115.3922,32.653],[-115.4071,32.6531],[-115.412,32.6545],[-115.4122,32.6489],[-115.4136,32.6468],[-115.4139,32.6451]]]]}},{"type":"Feature","properties":{"cp":21513},"geometry":{"type":"MultiPolygon","coordinates":[[[[-116.0921,32.4499],[-116.0891,32.4542],[-116.0894,32.4601],[-116.0885,32.4641],[-116.0881,32.4934],[-116.0947,32.5011],[-116.1018,32.5034],[-116.1076,32.5068],[-116.1213,32.4942],[-116.1324,32.4869],[-116.1451,32.4826],[-116.1617,32.4882],[-116.1762,32.4923],[-116.1849,32.496],[-116.1867,32.4889],[-116.1885,32.4718],[-116.1922,32.459],[-116.1877,32.4542],[-116.1872,32.4489],[-116.185,32.4415],[-116.1852,32.4335],[-116.1882,32.4285],[-116.185,32.4215],[-116.1833,32.416],[-116.1845,32.4108],[-116.1827,32.4072],[-116.1579,32.4095],[-116.1534,32.4079],[-116.1471,32.4069],[-116.1299,32.4066],[-116.1286,32.407],[-116.1264,32.4094],[-116.1062,32.4402],[-116.1022,32.4409],[-116.0967,32.4432],[-116.0921,32.4499]]]]}},{"type":"Feature","properties":{"cp":21038},"geometry":{"type":"MultiPolygon","coordinates":[[[[-115.4525,32.6388],[-115.4526,32.6456],[-115.4536,32.6456],[-115.4536,32.6463],[-115.4568,32.6463],[-115.4558,32.6362],[-115.4524,32.6361],[-115.4525,32.6388]]]]}},{"type":"Feature","properties":{"cp":21039},"geometry":{"type":"MultiPolygon","coordinates":[[[[-115.4501,32.6441],[-115.4501,32.6477],[-115.4526,32.6477],[-115.4526,32.6441],[-115.4501,32.6441]]]]}},{"type":"Feature","properties":{"cp":21384},"geometry":{"type":"MultiPolygon","coordinates":[[[[-115.4145,32.5575],[-115.4103,32.56],[-115.4039,32.5651],[-115.399,32.573],[-115.3941,32.576],[-115.391,32.576],[-115.3888,32.5749],[-115.3889,32.5805],[-115.3869,32.5847],[-115.39,32.5857],[-115.3895,32.587],[-115.3867,32.5867],[-115.3995,32.5911],[-115.4129,32.564],[-115.4145,32.5575]]]]}},{"type":"Feature","properties":{"cp":21110},"geometry":{"type":"MultiPolygon","coordinates":[[[[-115.5057,32.6562],[-115.5056,32.6643],[-115.5489,32.6611],[-115.5483,32.6599],[-115.5309,32.6612],[-115.5257,32.661],[-115.5226,32.6616],[-115.5226,32.6621],[-115.5158,32.6625],[-115.5158,32.6554],[-115.5105,32.6554],[-115.511,32.6561],[-115.5057,32.6562]]]]}},{"type":"Feature","properties":{"cp":21279},"geometry":{"type":"MultiPolygon","coordinates":[[[[-115.449,32.6391],[-115.4509,32.6441],[-115.4526,32.6441],[-115.4525,32.6388],[-115.449,32.6391]]]]}},{"type":"Feature","properties":{"cp":21030},"geometry":{"type":"MultiPolygon","coordinates":[[[[-115.4609,32.6518],[-115.4631,32.6516],[-115.4628,32.6488],[-115.4651,32.6486],[-115.4649,32.6467],[-115.4673,32.6465],[-115.4671,32.6459],[-115.468,32.6447],[-115.4665,32.6423],[-115.465,32.6432],[-115.4634,32.6418],[-115.4611,32.6392],[-115.4624,32.6384],[-115.4607,32.6364],[-115.4558,32.6362],[-115.4568,32.6463],[-115.4536,32.6463],[-115.4536,32.6456],[-115.4526,32.6456],[-115.4525,32.6529],[-115.4565,32.6528],[-115.4574,32.6525],[-115.4574,32.652],[-115.4609,32.6518]]]]}},{"type":"Feature","properties":{"cp":21260},"geometry":{"type":"MultiPolygon","coordinates":[[[[-115.4416,32.6478],[-115.4501,32.6477],[-115.4501,32.6441],[-115.4344,32.6439],[-115.4404,32.6486],[-115.4416,32.6478]]]]}},{"type":"Feature","properties":{"cp":21230},"geometry":{"type":"MultiPolygon","coordinates":[[[[-115.4525,32.6572],[-115.4526,32.6477],[-115.4416,32.6478],[-115.451,32.6557],[-115.451,32.6567],[-115.4433,32.6566],[-115.4433,32.6579],[-115.4525,32.6572]]],[[[-115.4405,32.6498],[-115.4405,32.6565],[-115.4433,32.6565],[-115.4431,32.6521],[-115.4405,32.6498]]]]}},{"type":"Feature","properties":{"cp":21340},"geometry":{"type":"MultiPolygon","coordinates":[[[[-115.4695,32.6238],[-115.4726,32.6238],[-115.4727,32.6211],[-115.4766,32.6215],[-115.4767,32.6237],[-115.479,32.6237],[-115.4791,32.6136],[-115.4728,32.6137],[-115.4727,32.6184],[-115.4709,32.6184],[-115.4695,32.6184],[-115.4696,32.6146],[-115.4644,32.6146],[-115.4627,32.6136],[-115.4607,32.6136],[-115.4689,32.6238],[-115.4695,32.6238]]]]}},{"type":"Feature","properties":{"cp":21258},"geometry":{"type":"MultiPolygon","coordinates":[[[[-115.4185,32.6381],[-115.4139,32.6378],[-115.4138,32.6424],[-115.4183,32.6424],[-115.4185,32.6381]]]]}},{"type":"Feature","properties":{"cp":21356},"geometry":{"type":"MultiPolygon","coordinates":[[[[-115.4482,32.6065],[-115.4481,32.6076],[-115.4491,32.6095],[-115.4516,32.6108],[-115.4527,32.6107],[-115.4526,32.6095],[-115.4539,32.6097],[-115.4539,32.6081],[-115.4555,32.6072],[-115.4554,32.6066],[-115.4513,32.6065],[-115.4493,32.6067],[-115.4491,32.6078],[-115.4482,32.6065]]]]}},{"type":"Feature","properties":{"cp":21350},"geometry":{"type":"MultiPolygon","coordinates":[[[[-115.4555,32.607],[-115.4539,32.6081],[-115.4539,32.6097],[-115.4526,32.6095],[-115.4527,32.6107],[-115.4583,32.6119],[-115.4597,32.6124],[-115.4607,32.6136],[-115.4627,32.6136],[-115.4642,32.6145],[-115.4696,32.6146],[-115.4695,32.6184],[-115.4727,32.6184],[-115.4728,32.6137],[-115.4791,32.6136],[-115.4791,32.6122],[-115.466,32.6076],[-115.4555,32.607]]]]}},{"type":"Feature","properties":{"cp":21508},"geometry":{"type":"MultiPolygon","coordinates":[[[[-116.3894,32.5747],[-116.3902,32.5688],[-116.3897,32.5644],[-116.3903,32.5592],[-116.3897,32.5561],[-116.3906,32.5523],[-116.3892,32.5385],[-116.3923,32.5295],[-116.3921,32.5182],[-116.3902,32.5126],[-116.3822,32.5054],[-116.3776,32.5033],[-116.3748,32.4998],[-116.3738,32.4962],[-116.3725,32.496],[-116.3725,32.4946],[-116.3703,32.4922],[-116.3581,32.4921],[-116.3537,32.4911],[-116.3487,32.4909],[-116.3458,32.4896],[-116.3374,32.4905],[-116.3247,32.5167],[-116.3206,32.5207],[-116.3174,32.5213],[-116.2488,32.5092],[-116.2404,32.509],[-116.2169,32.5188],[-116.2144,32.5255],[-116.215,32.5291],[-116.217,32.5309],[-116.2168,32.5317],[-116.2131,32.5357],[-116.2135,32.5381],[-116.2126,32.5408],[-116.2105,32.5432],[-116.2105,32.5459],[-116.2083,32.5476],[-116.2099,32.5512],[-116.2105,32.5584],[-116.2221,32.5595],[-116.2242,32.559],[-116.2303,32.5603],[-116.3894,32.5747]]]]}},{"type":"Feature","properties":{"cp":21831},"geometry":{"type":"MultiPolygon","coordinates":[[[[-114.9772,32.5022],[-114.9813,32.4713],[-114.9632,32.4699],[-114.9459,32.4739],[-114.9426,32.4763],[-114.9365,32.4842],[-114.9328,32.4862],[-114.9398,32.4906],[-114.9349,32.4926],[-114.9342,32.5212],[-114.9593,32.5127],[-114.9616,32.5092],[-114.9698,32.5038],[-114.9772,32.5022]]]]}},{"type":"Feature","properties":{"cp":21722},"geometry":{"type":"MultiPolygon","coordinates":[[[[-115.0706,32.2184],[-115.0612,32.2222],[-115.0579,32.2247],[-115.055,32.2371],[-115.0539,32.2388],[-115.0537,32.2434],[-115.0498,32.2526],[-115.0467,32.2558],[-115.0518,32.2563],[-115.0534,32.2535],[-115.063,32.2496],[-115.0796,32.2618],[-115.0802,32.2599],[-115.0806,32.2342],[-115.0847,32.2296],[-115.0848,32.223],[-115.0871,32.2221],[-115.0871,32.216],[-115.0761,32.2167],[-115.0706,32.2184]]]]}},{"type":"Feature","properties":{"cp":21731},"geometry":{"type":"MultiPolygon","coordinates":[[[[-115.1232,32.2549],[-115.1288,32.2485],[-115.1319,32.2484],[-115.1321,32.2473],[-115.1367,32.2416],[-115.1383,32.2374],[-115.1447,32.2323],[-115.1453,32.2303],[-115.1463,32.2302],[-115.1461,32.2213],[-115.1605,32.2214],[-115.1668,32.2122],[-115.1672,32.2096],[-115.1662,32.2064],[-115.1608,32.2042],[-115.1588,32.2027],[-115.1584,32.2015],[-115.1597,32.1949],[-115.1441,32.1933],[-115.1366,32.1935],[-115.1319,32.1956],[-115.1169,32.2054],[-115.1052,32.2113],[-115.0925,32.214],[-115.0871,32.216],[-115.0871,32.2221],[-115.0848,32.223],[-115.0847,32.2296],[-115.0806,32.2342],[-115.0802,32.2599],[-115.0796,32.2618],[-115.0881,32.2683],[-115.1072,32.2505],[-115.1232,32.2549]]]]}},{"type":"Feature","properties":{"cp":21840},"geometry":{"type":"MultiPolygon","coordinates":[[[[-114.9342,32.5212],[-114.9349,32.4926],[-114.9398,32.4906],[-114.9328,32.4862],[-114.8994,32.4914],[-114.8998,32.4924],[-114.8995,32.5188],[-114.9225,32.5256],[-114.9342,32.5212]]]]}},{"type":"Feature","properties":{"cp":21800},"geometry":{"type":"MultiPolygon","coordinates":[[[[-114.9849,32.157],[-114.9753,32.178],[-114.9928,32.1918],[-114.9918,32.1928],[-114.9922,32.1932],[-114.9919,32.1936],[-115.0027,32.2022],[-115.0027,32.201],[-115.0058,32.2064],[-115.007,32.2055],[-115.0121,32.2095],[-115.0243,32.198],[-115.0244,32.1952],[-115.0202,32.1898],[-115.0195,32.1868],[-115.02,32.1841],[-115.0226,32.1808],[-115.0226,32.1794],[-115.0241,32.178],[-115.0247,32.1571],[-115.0085,32.1566],[-114.9849,32.157]]]]}},{"type":"Feature","properties":{"cp":21609},"geometry":{"type":"MultiPolygon","coordinates":[[[[-115.2507,32.6272],[-115.2236,32.6152],[-115.2185,32.6231],[-115.261,32.6424],[-115.2669,32.6349],[-115.2507,32.6272]]]]}},{"type":"Feature","properties":{"cp":21710},"geometry":{"type":"MultiPolygon","coordinates":[[[[-115.1598,32.3486],[-115.1706,32.3365],[-115.1873,32.3249],[-115.1913,32.3248],[-115.1914,32.259],[-115.1924,32.2576],[-115.192,32.2572],[-115.1818,32.2573],[-115.1808,32.2577],[-115.1801,32.2596],[-115.1774,32.2621],[-115.1723,32.2634],[-115.1684,32.266],[-115.1666,32.2688],[-115.1663,32.2705],[-115.1622,32.2736],[-115.1622,32.2772],[-115.1595,32.2796],[-115.1564,32.2801],[-115.1545,32.2817],[-115.1526,32.2852],[-115.1514,32.2863],[-115.1513,32.2892],[-115.1507,32.2904],[-115.1491,32.2907],[-115.1464,32.293],[-115.1423,32.3027],[-115.1432,32.3055],[-115.1432,32.3094],[-115.142,32.3094],[-115.1345,32.3035],[-115.1339,32.3041],[-115.1326,32.3031],[-115.1272,32.3135],[-115.1232,32.3137],[-115.1209,32.313],[-115.1199,32.3122],[-115.12,32.3107],[-115.1189,32.3098],[-115.1169,32.3106],[-115.1152,32.3103],[-115.1097,32.3258],[-115.1442,32.3265],[-115.1476,32.3293],[-115.1476,32.3349],[-115.147,32.336],[-115.1504,32.338],[-115.1545,32.3417],[-115.1533,32.3447],[-115.1598,32.3486]]]]}},{"type":"Feature","properties":{"cp":21738},"geometry":{"type":"MultiPolygon","coordinates":[[[[-115.2522,32.2963],[-115.2558,32.2948],[-115.2567,32.293],[-115.2562,32.292],[-115.2524,32.2906],[-115.2518,32.2898],[-115.2516,32.2883],[-115.2534,32.2865],[-115.2538,32.2843],[-115.252,32.2815],[-115.2492,32.2788],[-115.2497,32.2779],[-115.2489,32.2763],[-115.2504,32.2734],[-115.2515,32.2728],[-115.2523,32.2707],[-115.2561,32.2686],[-115.2471,32.2639],[-115.2446,32.2651],[-115.2399,32.2617],[-115.2381,32.265],[-115.2381,32.2673],[-115.2333,32.2689],[-115.1914,32.269],[-115.1913,32.3132],[-115.2384,32.3132],[-115.2427,32.3071],[-115.2425,32.3046],[-115.2472,32.2985],[-115.2522,32.2963]]]]}},{"type":"Feature","properties":{"cp":21735},"geometry":{"type":"MultiPolygon","coordinates":[[[[-115.2072,32.2688],[-115.2333,32.2689],[-115.2381,32.2673],[-115.2381,32.265],[-115.2401,32.2617],[-115.2446,32.2651],[-115.247,32.2639],[-115.2561,32.2686],[-115.2571,32.2676],[-115.2575,32.2655],[-115.2561,32.2637],[-115.2572,32.2595],[-115.2611,32.2585],[-115.2634,32.2592],[-115.2645,32.2588],[-115.2655,32.2576],[-115.2658,32.2534],[-115.2665,32.2519],[-115.2748,32.2483],[-115.2757,32.2477],[-115.2756,32.246],[-115.2736,32.2447],[-115.2713,32.2446],[-115.27,32.2428],[-115.2701,32.2416],[-115.2696,32.2411],[-115.2639,32.2412],[-115.2598,32.2393],[-115.2574,32.2343],[-115.2555,32.2326],[-115.2536,32.233],[-115.2535,32.2344],[-115.2518,32.2349],[-115.2516,32.2358],[-115.2481,32.2359],[-115.2459,32.2369],[-115.2424,32.2358],[-115.2373,32.2374],[-115.2347,32.2396],[-115.2311,32.2378],[-115.224,32.2438],[-115.2204,32.2425],[-115.2154,32.2474],[-115.2175,32.2512],[-115.2166,32.2528],[-115.2154,32.253],[-115.2154,32.2543],[-115.2111,32.2585],[-115.2083,32.2639],[-115.2051,32.2657],[-115.2072,32.2688]]]]}},{"type":"Feature","properties":{"cp":21010},"geometry":{"type":"MultiPolygon","coordinates":[[[[-115.4591,32.6567],[-115.4614,32.6565],[-115.4613,32.6556],[-115.4658,32.6552],[-115.4658,32.6562],[-115.4671,32.6561],[-115.4672,32.6566],[-115.4712,32.6563],[-115.4741,32.6586],[-115.4766,32.6553],[-115.4733,32.6516],[-115.4748,32.6514],[-115.4731,32.6499],[-115.473,32.6478],[-115.4718,32.6492],[-115.4691,32.6435],[-115.4671,32.6459],[-115.4673,32.6465],[-115.4649,32.6467],[-115.4651,32.6486],[-115.4628,32.6488],[-115.4631,32.6516],[-115.4609,32.6518],[-115.4611,32.6537],[-115.4588,32.6538],[-115.4591,32.6567]]]]}},{"type":"Feature","properties":{"cp":21703},"geometry":{"type":"MultiPolygon","coordinates":[[[[-115.4209,32.3442],[-115.418,32.3463],[-115.4157,32.3465],[-115.4139,32.3482],[-115.4093,32.3482],[-115.4073,32.3502],[-115.4022,32.3521],[-115.3994,32.3571],[-115.3991,32.3586],[-115.3944,32.361],[-115.3941,32.364],[-115.3919,32.3666],[-115.3888,32.3679],[-115.3854,32.3676],[-115.3818,32.3644],[-115.3775,32.3635],[-115.362,32.3684],[-115.355,32.3689],[-115.3534,32.3697],[-115.3508,32.3726],[-115.3201,32.3869],[-115.3062,32.3925],[-115.3029,32.3982],[-115.2961,32.4046],[-115.2963,32.4078],[-115.2988,32.408],[-115.3008,32.4072],[-115.3044,32.4069],[-115.3094,32.4096],[-115.3116,32.4101],[-115.3143,32.4135],[-115.3142,32.417],[-115.3155,32.4198],[-115.315,32.4261],[-115.3136,32.43],[-115.3115,32.432],[-115.3289,32.4387],[-115.3285,32.4395],[-115.3306,32.4406],[-115.3321,32.4449],[-115.3359,32.4466],[-115.3374,32.4486],[-115.3448,32.4541],[-115.345,32.464],[-115.3587,32.484],[-115.359,32.5029],[-115.3645,32.5073],[-115.3683,32.5126],[-115.4332,32.5129],[-115.4337,32.5145],[-115.4412,32.5145],[-115.4469,32.5096],[-115.4522,32.5037],[-115.454,32.5052],[-115.4565,32.5046],[-115.4576,32.5021],[-115.4741,32.4887],[-115.477,32.4856],[-115.4784,32.4829],[-115.4797,32.478],[-115.4839,32.4708],[-115.4882,32.4684],[-115.4946,32.4691],[-115.4987,32.4675],[-115.5,32.4665],[-115.5024,32.4622],[-115.5041,32.451],[-115.5058,32.4489],[-115.51,32.4483],[-115.5113,32.4489],[-115.5125,32.4505],[-115.5139,32.4505],[-115.5158,32.449],[-115.5167,32.4455],[-115.5208,32.4443],[-115.5214,32.4449],[-115.5224,32.4441],[-115.5231,32.4449],[-115.5261,32.4438],[-115.5271,32.4441],[-115.5288,32.4429],[-115.5315,32.4432],[-115.5322,32.4421],[-115.5373,32.445],[-115.5409,32.4458],[-115.5421,32.4449],[-115.5429,32.4451],[-115.5435,32.4436],[-115.5446,32.443],[-115.5448,32.4417],[-115.5465,32.4403],[-115.5465,32.436],[-115.5431,32.4351],[-115.5406,32.4335],[-115.5371,32.4272],[-115.5329,32.4257],[-115.5325,32.4226],[-115.5314,32.4213],[-115.5231,32.4189],[-115.5118,32.414],[-115.5103,32.4123],[-115.5097,32.4093],[-115.5071,32.407],[-115.5058,32.4067],[-115.5023,32.408],[-115.5,32.4071],[-115.499,32.4055],[-115.4985,32.4029],[-115.4967,32.4022],[-115.4936,32.3993],[-115.4923,32.394],[-115.4905,32.392],[-115.4863,32.3909],[-115.4823,32.392],[-115.4775,32.3888],[-115.4741,32.3882],[-115.4711,32.3863],[-115.4674,32.385],[-115.4647,32.3809],[-115.461,32.3787],[-115.4567,32.3777],[-115.4555,32.3758],[-115.4522,32.3728],[-115.4487,32.372],[-115.4478,32.3691],[-115.4463,32.3675],[-115.4461,32.3653],[-115.4438,32.3626],[-115.4424,32.3617],[-115.4356,32.36],[-115.4329,32.3577],[-115.4308,32.354],[-115.4279,32.3517],[-115.4272,32.3486],[-115.4224,32.3472],[-115.4209,32.3442]]]]}},{"type":"Feature","properties":{"cp":21740},"geometry":{"type":"MultiPolygon","coordinates":[[[[-115.2215,32.0778],[-115.2208,32.0779],[-115.2202,32.0808],[-115.2184,32.0828],[-115.2208,32.0899],[-115.2186,32.0929],[-115.22,32.0977],[-115.2194,32.1019],[-115.2206,32.1028],[-115.2208,32.1038],[-115.2187,32.1055],[-115.2162,32.1055],[-115.2152,32.1069],[-115.2186,32.1122],[-115.2183,32.1128],[-115.2149,32.1155],[-115.2141,32.1154],[-115.2128,32.1136],[-115.2123,32.1139],[-115.2094,32.1126],[-115.2106,32.1103],[-115.2096,32.1098],[-115.2078,32.11],[-115.2064,32.1117],[-115.2013,32.1119],[-115.2,32.1124],[-115.1999,32.119],[-115.2007,32.1237],[-115.1996,32.1267],[-115.2016,32.1314],[-115.2018,32.1375],[-115.2028,32.1399],[-115.2011,32.1439],[-115.2009,32.1479],[-115.1947,32.1677],[-115.1903,32.1742],[-115.1688,32.193],[-115.1635,32.1956],[-115.1597,32.1949],[-115.1584,32.2015],[-115.1588,32.2027],[-115.1608,32.2042],[-115.1662,32.2064],[-115.1666,32.2077],[-115.178,32.2076],[-115.1784,32.2039],[-115.1795,32.2032],[-115.2138,32.2034],[-115.2195,32.2014],[-115.2279,32.2032],[-115.2423,32.2032],[-115.2427,32.2039],[-115.2493,32.2033],[-115.2494,32.2038],[-115.2519,32.2044],[-115.2527,32.2073],[-115.2539,32.2076],[-115.2549,32.2056],[-115.2581,32.2042],[-115.2584,32.1995],[-115.2609,32.1951],[-115.263,32.1931],[-115.2661,32.1928],[-115.2704,32.1966],[-115.2721,32.1969],[-115.2815,32.1922],[-115.2883,32.1898],[-115.2925,32.1871],[-115.2928,32.1833],[-115.289,32.1795],[-115.2872,32.1793],[-115.2859,32.1801],[-115.284,32.1854],[-115.2811,32.1871],[-115.2775,32.1866],[-115.275,32.1848],[-115.2743,32.1832],[-115.2747,32.1817],[-115.2765,32.1798],[-115.2758,32.1774],[-115.2771,32.1748],[-115.283,32.1735],[-115.2843,32.1724],[-115.2838,32.17],[-115.2822,32.1692],[-115.2803,32.1698],[-115.2769,32.1724],[-115.2751,32.1725],[-115.2721,32.1692],[-115.2707,32.1646],[-115.2711,32.1608],[-115.2731,32.1575],[-115.2742,32.1565],[-115.2779,32.1561],[-115.2797,32.1539],[-115.2841,32.1511],[-115.2842,32.1497],[-115.283,32.1475],[-115.2843,32.1471],[-115.2851,32.1461],[-115.2825,32.143],[-115.2819,32.139],[-115.2791,32.1392],[-115.2768,32.1372],[-115.2733,32.1367],[-115.2738,32.135],[-115.2733,32.133],[-115.2695,32.1291],[-115.2681,32.1266],[-115.2589,32.1211],[-115.256,32.1201],[-115.2535,32.1202],[-115.2494,32.1215],[-115.2472,32.121],[-115.2466,32.119],[-115.247,32.1129],[-115.2453,32.1086],[-115.2394,32.1059],[-115.2354,32.103],[-115.2347,32.1007],[-115.2356,32.0936],[-115.2332,32.0866],[-115.2242,32.081],[-115.2215,32.0778]]]]}},{"type":"Feature","properties":{"cp":21951},"geometry":{"type":"MultiPolygon","coordinates":[[[[-114.8334,32.5637],[-114.8354,32.5373],[-114.8455,32.5077],[-114.8479,32.5048],[-114.85,32.5059],[-114.857,32.5062],[-114.8675,32.5093],[-114.8672,32.5058],[-114.8715,32.4992],[-114.8755,32.496],[-114.8756,32.4947],[-114.9163,32.4891],[-114.9328,32.4862],[-114.9324,32.4836],[-114.929,32.4848],[-114.923,32.4829],[-114.9152,32.4832],[-114.9069,32.4821],[-114.9038,32.4836],[-114.9001,32.4835],[-114.8989,32.4845],[-114.8983,32.4867],[-114.8972,32.4878],[-114.8933,32.4875],[-114.8869,32.4917],[-114.8815,32.4922],[-114.8795,32.4916],[-114.8775,32.4889],[-114.8755,32.4886],[-114.8748,32.4893],[-114.8735,32.4893],[-114.8696,32.4864],[-114.8688,32.4829],[-114.8672,32.4824],[-114.8676,32.4813],[-114.8657,32.4809],[-114.8601,32.4779],[-114.8569,32.4777],[-114.8563,32.4768],[-114.8538,32.4759],[-114.8513,32.474],[-114.8484,32.4734],[-114.8384,32.4758],[-114.8349,32.4802],[-114.8325,32.4814],[-114.8303,32.4816],[-114.8261,32.4802],[-114.8238,32.4801],[-114.819,32.4811],[-114.8162,32.4827],[-114.813,32.4909],[-114.8138,32.4958],[-114.8124,32.4996],[-114.8134,32.5001],[-114.8131,32.5029],[-114.8107,32.5069],[-114.8087,32.5081],[-114.8078,32.5103],[-114.8084,32.5159],[-114.8099,32.5178],[-114.8106,32.5218],[-114.81,32.5237],[-114.805,32.5257],[-114.8038,32.5275],[-114.8032,32.53],[-114.8046,32.5392],[-114.8043,32.5443],[-114.8028,32.5463],[-114.7951,32.552],[-114.7932,32.5542],[-114.7918,32.5578],[-114.7921,32.56],[-114.7949,32.561],[-114.7985,32.5611],[-114.8082,32.5593],[-114.8113,32.5606],[-114.8123,32.5622],[-114.8122,32.5635],[-114.8334,32.5637]]]]}},{"type":"Feature","properties":{"cp":21841},"geometry":{"type":"MultiPolygon","coordinates":[[[[-114.8995,32.5188],[-114.8998,32.4924],[-114.8994,32.4914],[-114.8756,32.4947],[-114.8755,32.496],[-114.8715,32.4992],[-114.8672,32.5058],[-114.8675,32.5093],[-114.8995,32.5188]]]]}},{"type":"Feature","properties":{"cp":21606},"geometry":{"type":"MultiPolygon","coordinates":[[[[-115.3451,32.6568],[-115.3419,32.6557],[-115.341,32.6564],[-115.3329,32.6532],[-115.3202,32.6455],[-115.3072,32.6423],[-115.3062,32.6567],[-115.313,32.6628],[-115.3147,32.6656],[-115.3153,32.6781],[-115.3703,32.6742],[-115.3712,32.6676],[-115.3734,32.6648],[-115.3713,32.664],[-115.3713,32.6635],[-115.3682,32.6616],[-115.3635,32.6606],[-115.3636,32.6591],[-115.363,32.6589],[-115.3621,32.6589],[-115.3569,32.6639],[-115.3556,32.6639],[-115.3528,32.661],[-115.3493,32.6593],[-115.3485,32.6575],[-115.3451,32.6568]]]]}},{"type":"Feature","properties":{"cp":21925},"geometry":{"type":"MultiPolygon","coordinates":[[[[-115.1744,32.688],[-115.2746,32.6809],[-115.261,32.6424],[-115.2185,32.6231],[-115.2236,32.6152],[-115.2507,32.6272],[-115.251,32.6254],[-115.2498,32.6148],[-115.2527,32.6147],[-115.2597,32.6163],[-115.2619,32.6158],[-115.2556,32.6116],[-115.2515,32.6106],[-115.2261,32.6104],[-115.2244,32.6099],[-115.2017,32.6103],[-115.1987,32.6086],[-115.1916,32.6017],[-115.1764,32.5933],[-115.1719,32.5919],[-115.1669,32.5918],[-115.1639,32.593],[-115.1601,32.5933],[-115.1552,32.5912],[-115.154,32.5928],[-115.1529,32.5927],[-115.1538,32.5989],[-115.1515,32.6027],[-115.1539,32.6048],[-115.1549,32.6075],[-115.1565,32.6094],[-115.1552,32.6116],[-115.1559,32.6142],[-115.1585,32.6177],[-115.1577,32.6218],[-115.1593,32.6227],[-115.1597,32.6267],[-115.1697,32.6416],[-115.1744,32.688]]]]}},{"type":"Feature","properties":{"cp":21607},"geometry":{"type":"MultiPolygon","coordinates":[[[[-115.261,32.6424],[-115.2746,32.6809],[-115.3153,32.6781],[-115.315,32.6662],[-115.313,32.6628],[-115.3062,32.6567],[-115.3072,32.6423],[-115.3067,32.6421],[-115.306,32.6389],[-115.3045,32.6379],[-115.302,32.6344],[-115.2863,32.6308],[-115.2619,32.6158],[-115.2597,32.6163],[-115.2527,32.6147],[-115.2498,32.6148],[-115.251,32.6254],[-115.2507,32.6272],[-115.2669,32.6349],[-115.261,32.6424]]]]}},{"type":"Feature","properties":{"cp":21229},"geometry":{"type":"MultiPolygon","coordinates":[[[[-115.3815,32.6627],[-115.3769,32.6654],[-115.3733,32.6654],[-115.3715,32.667],[-115.3706,32.6698],[-115.3703,32.6742],[-115.4033,32.6718],[-115.403,32.6693],[-115.4066,32.6691],[-115.4066,32.6656],[-115.3948,32.6635],[-115.3815,32.6627]]]]}},{"type":"Feature","properties":{"cp":21850},"geometry":{"type":"MultiPolygon","coordinates":[[[[-114.7673,30.9586],[-114.781,30.9639],[-114.7936,30.9697],[-114.8083,30.9773],[-114.8182,30.9836],[-114.823,30.9875],[-114.8247,30.9908],[-114.8248,30.9921],[-114.8209,30.9944],[-114.8216,30.9954],[-114.8212,30.9959],[-114.8219,30.9954],[-114.8212,30.9945],[-114.8257,30.9917],[-114.8261,30.992],[-114.8267,30.9912],[-114.8278,30.9928],[-114.829,30.9933],[-114.8301,30.9955],[-114.8248,30.9987],[-114.8227,30.9965],[-114.8219,30.9969],[-114.8227,30.9967],[-114.8246,30.9989],[-114.8296,30.996],[-114.8328,30.9992],[-114.8343,31.0035],[-114.8347,31.007],[-114.8346,31.0129],[-114.8334,31.0192],[-114.8315,31.0254],[-114.8295,31.0258],[-114.8291,31.0274],[-114.8284,31.0276],[-114.8289,31.0282],[-114.8287,31.0297],[-114.8242,31.0396],[-114.8225,31.0406],[-114.8197,31.0404],[-114.8158,31.0416],[-114.8145,31.0424],[-114.8142,31.0434],[-114.8118,31.044],[-114.8119,31.0455],[-114.8147,31.0491],[-114.8143,31.0521],[-114.8193,31.0535],[-114.8211,31.0531],[-114.8225,31.0537],[-114.8249,31.0572],[-114.8252,31.0599],[-114.8262,31.0603],[-114.8266,31.0596],[-114.8278,31.0597],[-114.8291,31.0602],[-114.8322,31.0664],[-114.8348,31.0673],[-114.8352,31.0681],[-114.8363,31.0676],[-114.8397,31.0689],[-114.8419,31.0714],[-114.8481,31.0727],[-114.86,31.0828],[-114.8613,31.085],[-114.8675,31.0902],[-114.8746,31.1001],[-114.8771,31.1051],[-114.8787,31.104],[-114.8796,31.1042],[-114.8861,31.1021],[-114.8954,31.0973],[-114.9618,31.0749],[-114.9633,31.0754],[-114.9657,31.0749],[-114.9669,31.074],[-114.9745,31.0719],[-114.9484,31.0542],[-114.9429,31.0459],[-114.9315,31.0397],[-114.9317,31.033],[-114.9254,31.0225],[-114.9235,31.0152],[-114.9187,31.0045],[-114.9139,30.9968],[-114.9043,30.9917],[-114.9017,30.9919],[-114.8982,30.9867],[-114.891,30.9856],[-114.8632,30.9851],[-114.863,30.9898],[-114.8427,30.9897],[-114.8374,30.9904],[-114.832,30.988],[-114.8248,30.9826],[-114.8197,30.9768],[-114.8165,30.9758],[-114.8161,30.9742],[-114.8132,30.9719],[-114.8121,30.9675],[-114.8085,30.966],[-114.7989,30.9663],[-114.7962,30.9657],[-114.7891,30.9615],[-114.7885,30.9598],[-114.7894,30.9569],[-114.7719,30.9531],[-114.7673,30.9586]]]]}},{"type":"Feature","properties":{"cp":21255},"geometry":{"type":"MultiPolygon","coordinates":[[[[-115.3768,32.6508],[-115.3791,32.6509],[-115.3789,32.653],[-115.3922,32.653],[-115.3921,32.6424],[-115.3995,32.6423],[-115.3995,32.6379],[-115.3891,32.6379],[-115.3768,32.6508]]]]}},{"type":"Feature","properties":{"cp":21923},"geometry":{"type":"MultiPolygon","coordinates":[[[[-114.9211,32.6336],[-114.9173,32.6399],[-114.9158,32.6415],[-114.913,32.6424],[-114.9095,32.6407],[-114.9084,32.6409],[-114.9073,32.6435],[-114.9041,32.6448],[-114.9022,32.6496],[-114.8988,32.6515],[-114.8909,32.6515],[-114.887,32.6492],[-114.881,32.6485],[-114.881,32.6477],[-114.8743,32.6475],[-114.8747,32.649],[-114.8738,32.651],[-114.8703,32.6545],[-114.872,32.6572],[-114.8712,32.6578],[-114.8722,32.6783],[-114.8821,32.7079],[-114.9447,32.7037],[-114.9423,32.6745],[-114.9393,32.6628],[-114.9396,32.6432],[-114.9362,32.6403],[-114.9295,32.6387],[-114.9273,32.6355],[-114.9253,32.6341],[-114.9223,32.6333],[-114.9211,32.6336]]]]}},{"type":"Feature","properties":{"cp":21966},"geometry":{"type":"MultiPolygon","coordinates":[[[[-114.91,32.621],[-114.8879,32.6287],[-114.8762,32.6316],[-114.8655,32.6363],[-114.8667,32.6384],[-114.868,32.6382],[-114.868,32.642],[-114.8726,32.6421],[-114.8743,32.6475],[-114.881,32.6477],[-114.881,32.6485],[-114.887,32.6492],[-114.8909,32.6515],[-114.8988,32.6515],[-114.9022,32.6496],[-114.9041,32.6448],[-114.9073,32.6435],[-114.9084,32.6409],[-114.9095,32.6407],[-114.913,32.6424],[-114.9158,32.6415],[-114.9173,32.6399],[-114.9211,32.6336],[-114.9206,32.6335],[-114.9209,32.6316],[-114.9193,32.6317],[-114.9192,32.6303],[-114.9208,32.6298],[-114.9167,32.6282],[-114.9119,32.6245],[-114.91,32.621]]]]}},{"type":"Feature","properties":{"cp":21963},"geometry":{"type":"MultiPolygon","coordinates":[[[[-114.8254,32.6422],[-114.825,32.6452],[-114.824,32.6473],[-114.826,32.6531],[-114.8216,32.6546],[-114.8194,32.6562],[-114.815,32.6564],[-114.8121,32.6577],[-114.8107,32.6597],[-114.7961,32.6687],[-114.7867,32.6721],[-114.789,32.6767],[-114.7881,32.6773],[-114.788,32.6783],[-114.7927,32.6882],[-114.796,32.7136],[-114.8821,32.7079],[-114.8722,32.6783],[-114.8712,32.6578],[-114.872,32.6572],[-114.8703,32.6545],[-114.8738,32.651],[-114.8747,32.649],[-114.8726,32.6421],[-114.868,32.642],[-114.868,32.6382],[-114.8667,32.6384],[-114.8654,32.6363],[-114.8554,32.6393],[-114.855,32.6378],[-114.8536,32.6381],[-114.854,32.64],[-114.8519,32.6407],[-114.8511,32.6397],[-114.8464,32.6409],[-114.8453,32.6366],[-114.8448,32.6362],[-114.8424,32.6368],[-114.8425,32.6374],[-114.8286,32.6407],[-114.8254,32.6422]]]]}},{"type":"Feature","properties":{"cp":21970},"geometry":{"type":"MultiPolygon","coordinates":[[[[-114.7436,32.6804],[-114.7376,32.6891],[-114.7343,32.6915],[-114.7299,32.701],[-114.7291,32.7054],[-114.7228,32.7128],[-114.7233,32.7143],[-114.7197,32.7187],[-114.796,32.7136],[-114.7927,32.6882],[-114.788,32.6783],[-114.7881,32.6773],[-114.789,32.6767],[-114.7867,32.6721],[-114.7961,32.6687],[-114.8107,32.6597],[-114.8121,32.6577],[-114.815,32.6564],[-114.8194,32.6562],[-114.8216,32.6546],[-114.826,32.6531],[-114.824,32.6473],[-114.825,32.6452],[-114.8254,32.6422],[-114.8253,32.6414],[-114.8242,32.6408],[-114.8247,32.6204],[-114.7618,32.6629],[-114.7475,32.683],[-114.7436,32.6804]]]]}},{"type":"Feature","properties":{"cp":21536},"geometry":{"type":"MultiPolygon","coordinates":[[[[-116.649,32.516],[-116.6491,32.5152],[-116.6542,32.513],[-116.6556,32.5095],[-116.6581,32.5103],[-116.6594,32.5095],[-116.6594,32.5082],[-116.6619,32.5081],[-116.6622,32.5067],[-116.6634,32.5067],[-116.6643,32.5052],[-116.6656,32.5049],[-116.6655,32.5039],[-116.6664,32.5029],[-116.666,32.5018],[-116.6681,32.499],[-116.6683,32.4965],[-116.6674,32.494],[-116.6643,32.493],[-116.6635,32.4908],[-116.6651,32.4898],[-116.6688,32.4889],[-116.6678,32.4858],[-116.6624,32.4827],[-116.6543,32.4817],[-116.6452,32.4815],[-116.6385,32.4783],[-116.639,32.4767],[-116.6329,32.476],[-116.6257,32.4765],[-116.6215,32.4749],[-116.6185,32.4717],[-116.614,32.4697],[-116.6105,32.4776],[-116.6066,32.4812],[-116.6059,32.4836],[-116.6043,32.4842],[-116.6016,32.4913],[-116.5965,32.4953],[-116.5916,32.5048],[-116.5901,32.5114],[-116.5913,32.5139],[-116.5926,32.5133],[-116.5944,32.5136],[-116.6058,32.5174],[-116.6095,32.5176],[-116.6105,32.5191],[-116.6119,32.5196],[-116.6133,32.5192],[-116.6153,32.5207],[-116.6173,32.5214],[-116.6179,32.5228],[-116.6173,32.5252],[-116.6203,32.5257],[-116.62,32.5261],[-116.622,32.5276],[-116.6214,32.5294],[-116.6223,32.5303],[-116.6226,32.5352],[-116.6284,32.5298],[-116.629,32.5283],[-116.6298,32.5282],[-116.6306,32.5295],[-116.6316,32.5289],[-116.6328,32.5266],[-116.6366,32.5275],[-116.6373,32.5271],[-116.6375,32.5258],[-116.6408,32.5222],[-116.6429,32.5215],[-116.6446,32.5189],[-116.6466,32.5183],[-116.649,32.516]]]]}},{"type":"Feature","properties":{"cp":21605},"geometry":{"type":"MultiPolygon","coordinates":[[[[-115.2586,32.5889],[-115.259,32.5898],[-115.2738,32.5909],[-115.2736,32.5938],[-115.2791,32.5962],[-115.2808,32.599],[-115.2837,32.601],[-115.286,32.6054],[-115.2985,32.6037],[-115.3039,32.6061],[-115.3085,32.605],[-115.309,32.6036],[-115.3146,32.6003],[-115.3208,32.5994],[-115.3221,32.5982],[-115.3214,32.5974],[-115.3233,32.5888],[-115.3281,32.5829],[-115.325,32.5823],[-115.3258,32.5796],[-115.2965,32.5755],[-115.2904,32.5716],[-115.2877,32.572],[-115.2833,32.5716],[-115.2655,32.5795],[-115.253,32.5768],[-115.2528,32.5775],[-115.2586,32.5889]]]]}},{"type":"Feature","properties":{"cp":21139},"geometry":{"type":"MultiPolygon","coordinates":[[[[-115.5738,32.6592],[-115.6655,32.6523],[-115.5928,32.622],[-115.5783,32.6145],[-115.5738,32.6138],[-115.5739,32.628],[-115.5744,32.6283],[-115.5738,32.6592]]]]}},{"type":"Feature","properties":{"cp":21610},"geometry":{"type":"MultiPolygon","coordinates":[[[[-115.6074,32.5631],[-115.6065,32.5637],[-115.6016,32.5722],[-115.6,32.5718],[-115.5844,32.5977],[-115.5801,32.6154],[-115.5928,32.622],[-115.6655,32.6523],[-115.6734,32.6517],[-115.654,32.6013],[-115.6523,32.5938],[-115.6479,32.589],[-115.6443,32.5866],[-115.6277,32.5806],[-115.6112,32.5665],[-115.6084,32.5626],[-115.6074,32.5631]]]]}},{"type":"Feature","properties":{"cp":21620},"geometry":{"type":"MultiPolygon","coordinates":[[[[-115.1018,32.5655],[-115.1573,32.5656],[-115.1655,32.5658],[-115.166,32.567],[-115.1747,32.5664],[-115.1913,32.5665],[-115.2057,32.5693],[-115.2067,32.5683],[-115.2309,32.5721],[-115.2306,32.5734],[-115.2441,32.5752],[-115.2655,32.5795],[-115.2809,32.5727],[-115.2809,32.5673],[-115.2845,32.565],[-115.2825,32.5602],[-115.2832,32.5594],[-115.2829,32.5579],[-115.2837,32.5557],[-115.2863,32.5522],[-115.289,32.5513],[-115.2905,32.5477],[-115.291,32.5477],[-115.2929,32.5435],[-115.2924,32.5395],[-115.2944,32.5384],[-115.2946,32.5335],[-115.254,32.5337],[-115.2541,32.5319],[-115.2154,32.5318],[-115.2157,32.4882],[-115.2145,32.4882],[-115.2106,32.4846],[-115.1939,32.4846],[-115.1922,32.4853],[-115.1804,32.4844],[-115.1778,32.4819],[-115.1609,32.4816],[-115.1575,32.4809],[-115.1535,32.4828],[-115.1534,32.4889],[-115.1499,32.4902],[-115.1433,32.4911],[-115.1396,32.4897],[-115.1393,32.4866],[-115.1373,32.4854],[-115.1305,32.4876],[-115.1271,32.4864],[-115.1255,32.4867],[-115.1226,32.4844],[-115.1214,32.4843],[-115.1165,32.4857],[-115.1169,32.4864],[-115.121,32.4881],[-115.1205,32.4894],[-115.1191,32.4903],[-115.1169,32.491],[-115.1118,32.4903],[-115.1094,32.4911],[-115.1092,32.4948],[-115.108,32.4945],[-115.1003,32.5146],[-115.1,32.5378],[-115.0989,32.542],[-115.0999,32.542],[-115.0998,32.5521],[-115.1003,32.5521],[-115.1003,32.5625],[-115.0994,32.5642],[-115.1018,32.5655]]]]}},{"type":"Feature","properties":{"cp":21395},"geometry":{"type":"MultiPolygon","coordinates":[[[[-115.3889,32.5969],[-115.3892,32.5875],[-115.3867,32.5867],[-115.3895,32.587],[-115.39,32.5857],[-115.3869,32.5847],[-115.3889,32.5805],[-115.3888,32.5749],[-115.3862,32.5727],[-115.3849,32.5691],[-115.3846,32.5589],[-115.3915,32.5518],[-115.3917,32.5447],[-115.3905,32.5421],[-115.3864,32.5395],[-115.3819,32.535],[-115.3801,32.5352],[-115.3784,32.5345],[-115.3771,32.5329],[-115.3722,32.5306],[-115.362,32.5319],[-115.3616,32.5325],[-115.3589,32.5329],[-115.3579,32.5342],[-115.3423,32.5321],[-115.3349,32.5333],[-115.322,32.5338],[-115.3092,32.5441],[-115.2926,32.5432],[-115.2927,32.544],[-115.289,32.5513],[-115.2863,32.5522],[-115.2837,32.5557],[-115.2829,32.5579],[-115.2832,32.5594],[-115.2825,32.5602],[-115.2845,32.565],[-115.2809,32.5673],[-115.2809,32.5727],[-115.2833,32.5716],[-115.2877,32.572],[-115.2904,32.5716],[-115.2965,32.5755],[-115.3258,32.5796],[-115.325,32.5823],[-115.3281,32.5829],[-115.3233,32.5888],[-115.3214,32.5974],[-115.3221,32.5982],[-115.3253,32.5981],[-115.3271,32.5992],[-115.3298,32.5987],[-115.3321,32.5991],[-115.3348,32.5974],[-115.3364,32.5976],[-115.3382,32.5965],[-115.3413,32.5972],[-115.3427,32.6063],[-115.342,32.6141],[-115.3736,32.6141],[-115.3738,32.6112],[-115.3702,32.6064],[-115.3636,32.6063],[-115.3772,32.6057],[-115.3787,32.6052],[-115.3796,32.6058],[-115.3803,32.605],[-115.3826,32.6065],[-115.3847,32.6042],[-115.3866,32.6035],[-115.3853,32.6022],[-115.3856,32.5969],[-115.3889,32.5969]]]]}},{"type":"Feature","properties":{"cp":21378},"geometry":{"type":"MultiPolygon","coordinates":[[[[-115.4007,32.6197],[-115.3994,32.6188],[-115.3995,32.6144],[-115.35,32.6144],[-115.3555,32.6203],[-115.3558,32.6243],[-115.3585,32.6246],[-115.3593,32.6303],[-115.3646,32.6298],[-115.3652,32.6306],[-115.3661,32.6337],[-115.3658,32.638],[-115.3776,32.6381],[-115.3775,32.634],[-115.3809,32.6272],[-115.3876,32.6272],[-115.3876,32.6262],[-115.3925,32.6263],[-115.3925,32.6197],[-115.4007,32.6197]]]]}},{"type":"Feature","properties":{"cp":21326},"geometry":{"type":"MultiPolygon","coordinates":[[[[-115.5335,32.5658],[-115.5416,32.5822],[-115.5448,32.5809],[-115.5519,32.5947],[-115.5469,32.5971],[-115.5551,32.6133],[-115.5562,32.6138],[-115.5738,32.6138],[-115.5778,32.6143],[-115.5801,32.6154],[-115.5844,32.5977],[-115.6,32.5718],[-115.6016,32.5722],[-115.6065,32.5637],[-115.6074,32.5631],[-115.6051,32.5603],[-115.5986,32.5568],[-115.5946,32.5558],[-115.5717,32.5557],[-115.5335,32.5658]]]]}},{"type":"Feature","properties":{"cp":21327},"geometry":{"type":"MultiPolygon","coordinates":[[[[-115.4856,32.5478],[-115.4893,32.5953],[-115.5162,32.5954],[-115.5205,32.5943],[-115.5205,32.5598],[-115.5044,32.5595],[-115.4888,32.5477],[-115.4856,32.5478]]]]}},{"type":"Feature","properties":{"cp":21324},"geometry":{"type":"MultiPolygon","coordinates":[[[[-115.5205,32.5692],[-115.5203,32.6135],[-115.5352,32.6147],[-115.5371,32.6139],[-115.5562,32.6138],[-115.5551,32.6133],[-115.5469,32.5971],[-115.5519,32.5947],[-115.5448,32.5809],[-115.5416,32.5822],[-115.5335,32.5658],[-115.5205,32.5692]]]]}},{"type":"Feature","properties":{"cp":21600},"geometry":{"type":"MultiPolygon","coordinates":[[[[-115.3717,32.638],[-115.3658,32.638],[-115.3661,32.6337],[-115.3652,32.6306],[-115.3646,32.6298],[-115.3593,32.6303],[-115.3585,32.6246],[-115.3558,32.6243],[-115.3555,32.6203],[-115.35,32.6144],[-115.342,32.6141],[-115.3427,32.6063],[-115.3413,32.5972],[-115.3387,32.5966],[-115.3364,32.5976],[-115.3348,32.5974],[-115.3321,32.5991],[-115.3298,32.5987],[-115.3267,32.5992],[-115.3253,32.5981],[-115.3238,32.598],[-115.318,32.6001],[-115.3146,32.6003],[-115.309,32.6036],[-115.3085,32.605],[-115.3045,32.606],[-115.2985,32.6037],[-115.286,32.6054],[-115.2837,32.601],[-115.2808,32.599],[-115.2791,32.5962],[-115.2736,32.5938],[-115.2738,32.5909],[-115.259,32.5898],[-115.2586,32.5889],[-115.2551,32.5933],[-115.2551,32.5961],[-115.2539,32.5996],[-115.2505,32.6026],[-115.2473,32.6067],[-115.2409,32.6101],[-115.2515,32.6106],[-115.2556,32.6116],[-115.2614,32.6152],[-115.2632,32.6171],[-115.2863,32.6308],[-115.302,32.6344],[-115.3045,32.6379],[-115.306,32.6389],[-115.3067,32.6421],[-115.3202,32.6455],[-115.3329,32.6532],[-115.341,32.6564],[-115.3419,32.6557],[-115.3485,32.6575],[-115.3493,32.6593],[-115.3528,32.661],[-115.3556,32.6639],[-115.3569,32.6639],[-115.3584,32.6598],[-115.3605,32.6576],[-115.3651,32.6572],[-115.3689,32.6586],[-115.3688,32.655],[-115.3674,32.655],[-115.3674,32.6531],[-115.3667,32.6529],[-115.3669,32.6508],[-115.3711,32.6508],[-115.3677,32.6508],[-115.3657,32.6483],[-115.3656,32.6461],[-115.3704,32.6461],[-115.3704,32.6417],[-115.3716,32.6417],[-115.3717,32.638]]]]}},{"type":"Feature","properties":{"cp":21224},"geometry":{"type":"MultiPolygon","coordinates":[[[[-115.3711,32.6508],[-115.3669,32.6508],[-115.3667,32.6529],[-115.3674,32.6531],[-115.3674,32.655],[-115.3688,32.655],[-115.3689,32.6586],[-115.3651,32.6572],[-115.3605,32.6576],[-115.3584,32.6598],[-115.3569,32.6639],[-115.3621,32.6589],[-115.363,32.6589],[-115.3636,32.6591],[-115.3635,32.6606],[-115.3682,32.6616],[-115.3713,32.6635],[-115.3713,32.664],[-115.3734,32.6648],[-115.3733,32.6654],[-115.3769,32.6654],[-115.3815,32.6627],[-115.3777,32.6622],[-115.3782,32.6616],[-115.3791,32.6619],[-115.3806,32.6601],[-115.3822,32.6593],[-115.3816,32.6581],[-115.3812,32.6585],[-115.379,32.6568],[-115.3784,32.657],[-115.3791,32.6509],[-115.3711,32.6508]]]]}}]}